iso3_epoch,iso3,epoch,mts_pca_3feat_mean,mts_milex_mean,part_n_war_mean,part_n_minor_mean,war_minor_ratio_mean,extraterritorial_share_mean,vdem_v2x_polyarchy_mean,conflict_active_pct,log_brd_mean
AGO_1990s,AGO,1990s,0.3066884365689615,0.48423140258045333,1.1818181818181819,1.5454545454545454,0.47835497835497837,0.32575757575757575,0.1329090909090909,1.0,7.837626109760039
AGO_2000s,AGO,2000s,0.2978661939946526,0.559677413341376,0.2,1.1,0.11904761904761904,0.2619047619047619,0.1694,0.7,5.618224586294555
AGO_2010s,AGO,2010s,0.2763200310238596,0.579354396812679,0.0,0.3,0.0,0.0,0.2964,0.3,2.1400661634962708
AGO_2020s,AGO,2020s,0.24475401764142948,0.5120979547887575,0.0,1.6,0.0,0.6,0.3316,1.0,2.772588722239781
ALB_1990s,ALB,1990s,0.15794737868966804,0.37935213029488407,0.0,0.0,0.12857142857142856,1.0,0.35963636363636364,0.0,0.0
ALB_2000s,ALB,2000s,0.1487600985118334,0.38353195908842663,1.0,1.1,0.48333333333333334,2.4166666666666665,0.5006999999999999,0.6,0.0
ALB_2010s,ALB,2010s,0.17033578045340275,0.4003443434316864,0.5,0.3,0.7,1.6,0.5272,0.5,0.0
ALB_2020s,ALB,2020s,0.18563062173417372,0.4225914908657141,0.0,0.0,0.12857142857142856,1.0,0.5172000000000001,0.0,0.0
ARE_1990s,ARE,1990s,0.4004040780084921,0.6535141776623123,0.09090909090909091,0.0,1.0,1.0,0.025181818181818184,0.09090909090909091,0.0
ARE_2000s,ARE,2000s,0.407019991616146,0.6820352166023874,0.1,0.1,0.5,2.0,0.0383,0.1,0.0
ARE_2010s,ARE,2010s,0.43517081773043553,0.7313058348184472,1.4,0.3,0.85,1.3,0.0911,1.0,0.0
ARG_1990s,ARG,1990s,0.30097513671517195,0.6131504075350064,0.09090909090909091,0.0,1.0,1.0,0.8293636363636363,0.09090909090909091,0.0
ARG_2000s,ARG,2000s,0.28471659184763104,0.5994136703503196,0.0,0.0,0.12857142857142856,1.0,0.7969999999999999,0.0,0.0
ARG_2010s,ARG,2010s,0.28227726164616873,0.6130451387779832,0.0,0.0,0.12857142857142856,1.0,0.7633,0.0,0.0
ARG_2020s,ARG,2020s,0.29530705512424926,0.6048756159780372,0.0,0.4,0.0,1.0,0.7966,0.4,0.0
ARM_1990s,ARM,1990s,0.18218540157100058,0.3719417905715861,0.18181818181818182,0.45454545454545453,0.3333333333333333,1.0,0.5082,0.5454545454545454,0.0
ARM_2000s,ARM,2000s,0.17871680536526294,0.41700878007577113,0.4,1.0,0.29166666666666663,2.625,0.3583,0.4,0.0
ARM_2010s,ARM,2010s,0.22740569017397264,0.467861425914493,0.5,2.0,0.25,1.4166666666666665,0.4103,1.0,0.0
ARM_2020s,ARM,2020s,0.24403845960104592,0.502807481517148,0.2,1.4,0.08333333333333333,1.0,0.683,0.8,0.0
AUS_1990s,AUS,1990s,0.3845736771444698,0.6909306792934081,0.09090909090909091,0.0,1.0,1.0,0.8879090909090909,0.09090909090909091,0.0
AUS_2000s,AUS,2000s,0.4079959177366684,0.7106427062430949,1.4,1.3,0.5259259259259259,1.7777777777777777,0.8824,0.9,0.0
AUS_2010s,AUS,2010s,0.4276050150675769,0.7332696150843622,0.9,0.4,0.7222222222222222,1.3333333333333333,0.8696999999999999,0.9,0.0
AUS_2020s,AUS,2020s,0.43037574642832055,0.7501362792133209,0.2,1.6,0.1,1.0,0.842,1.0,0.0
AUT_1990s,AUT,1990s,0.2908745063707905,0.5962808300264377,0.0,0.0,0.12857142857142856,1.0,0.8568181818181819,0.0,0.0
AUT_2000s,AUT,2000s,0.30612526443825183,0.5961471559821641,0.3,0.1,0.8333333333333334,1.3333333333333333,0.8627,0.3,0.0
AUT_2010s,AUT,2010s,0.2530520651137346,0.593762631694935,0.5,1.5,0.35,1.5,0.8648,1.0,0.0
AUT_2020s,AUT,2020s,0.2786076957601674,0.6080580053351982,0.2,1.4,0.125,1.0,0.8482,0.8,0.0
AZE_1990s,AZE,1990s,0.188170856514551,0.39369675333544774,0.2727272727272727,0.45454545454545453,0.35714285714285715,0.0,0.24819999999999998,0.6363636363636364,6.13083115443154
AZE_2000s,AZE,2000s,0.24549311392169887,0.4695886192924271,1.0,1.3,0.4527777777777778,2.055555555555556,0.22669999999999998,0.6,1.8718021769015913
AZE_2010s,AZE,2010s,0.3424876322688045,0.565372118128266,0.5,0.8,0.3125,0.875,0.20060000000000003,0.8,3.4965075614664802
AZE_2020s,AZE,2020s,0.2696895107559175,0.5866362090482348,0.2,0.6,0.25,0.0,0.1862,0.8,7.4337847364904
BDI_1990s,BDI,1990s,0.14221728174642997,0.3280579993509331,0.0,1.3636363636363635,0.0,0.0,0.17981818181818182,0.7272727272727273,6.025426703007796
BDI_2000s,BDI,2000s,0.13986624735364178,0.3385123882266263,0.0,1.2,0.0,0.0,0.2926,0.8,6.411489806547476
BDI_2010s,BDI,2010s,0.13303672581142312,0.32486474042409785,0.7,3.0,0.28229166666666666,1.2875,0.22800000000000004,0.8,3.4404180948154366
BDI_2020s,BDI,2020s,0.12393736174442638,0.3438477971027796,1.2,6.0,0.1738095238095238,1.0071428571428571,0.1804,1.0,4.727387818712341
BEL_1990s,BEL,1990s,0.324927786705992,0.6404960783459135,0.18181818181818182,0.0,1.0,1.0,0.8768181818181818,0.18181818181818182,0.0
BEL_2000s,BEL,2000s,0.3084209498558102,0.6290873064999063,0.5,0.5,0.5833333333333334,1.3333333333333333,0.8863,0.6,0.0
BEL_2010s,BEL,2010s,0.2897992724681557,0.6221273718226666,0.9,2.2,0.35,1.55,0.9007,1.0,0.0
BEL_2020s,BEL,2020s,0.3414844534549542,0.641307591100795,0.2,1.4,0.125,1.0,0.8949999999999999,0.8,0.0
BEN_1990s,BEN,1990s,0.0992766898350916,0.2729472058219336,0.0,0.0,0.12857142857142856,1.0,0.5153636363636364,0.0,0.0
BEN_2000s,BEN,2000s,0.10271737672708584,0.27593692008044846,0.0,0.0,0.12857142857142856,1.0,0.6228,0.0,0.0
BEN_2010s,BEN,2010s,0.12787412169159337,0.322996425390666,0.0,2.4,0.0,1.7857142857142858,0.6174,0.7,0.0
BEN_2020s,BEN,2020s,0.15256398480360853,0.3427904755618803,0.2,3.8,0.04,0.9533333333333334,0.43979999999999997,1.0,3.332204510175204
BFA_1990s,BFA,1990s,0.12111619216847797,0.3138377836243962,0.0,0.0,0.12857142857142856,1.0,0.3932727272727272,0.0,0.0
BFA_2000s,BFA,2000s,0.13470094602664223,0.3314193785668674,0.0,0.0,0.12857142857142856,1.0,0.5248,0.0,0.0
BFA_2010s,BFA,2010s,0.17070944671002014,0.383465378857918,0.0,2.7,0.0,1.6809523809523808,0.5923,0.7,3.7796338173824005
BFA_2020s,BFA,2020s,0.23464413485834648,0.46759797692316907,0.8,5.6,0.12857142857142856,0.7361904761904763,0.3874,1.0,7.640892107758241
BGD_1990s,BGD,1990s,0.2803621202795749,0.5113007043405277,0.09090909090909091,0.2727272727272727,0.16666666666666666,0.16666666666666666,0.47100000000000003,0.2727272727272727,2.2749335616635356
BGD_2000s,BGD,2000s,0.2753023658312993,0.5366567398121348,0.0,0.3,0.0,0.0,0.4165,0.2,2.5572273113676265
BGD_2010s,BGD,2010s,0.3412836855438105,0.5840368033427372,0.0,2.6,0.0,1.5952380952380951,0.3216,0.7,2.2823823856765264
BGD_2020s,BGD,2020s,0.32114389349983374,0.6009299095749283,0.2,4.4,0.025,1.3333333333333333,0.24980000000000002,1.0,0.0
BGR_1990s,BGR,1990s,0.2709966448553008,0.5291736616165228,0.0,0.0,0.12857142857142856,1.0,0.6348181818181818,0.0,0.0
BGR_2000s,BGR,2000s,0.2474141792836738,0.5145529724548066,1.0,1.1,0.48333333333333334,2.4166666666666665,0.7085999999999999,0.6,0.0
BGR_2010s,BGR,2010s,0.20130363852032995,0.5032205694749674,0.5,0.3,0.7,1.6,0.6523000000000001,0.5,0.0
BGR_2020s,BGR,2020s,0.21786923832626331,0.5377321315656447,0.0,0.0,0.12857142857142856,1.0,0.651,0.0,0.0
BHR_1990s,BHR,1990s,0.24357935448201512,0.4365912757839641,0.09090909090909091,0.0,1.0,1.0,0.049090909090909095,0.09090909090909091,0.0
BHR_2000s,BHR,2000s,0.24865931671050495,0.47554108895504194,0.0,0.0,0.12857142857142856,1.0,0.1862,0.0,0.0
BHR_2010s,BHR,2010s,0.2648345461978669,0.5253239083218513,0.9,0.0,1.0,1.0,0.15489999999999998,0.7,0.0
BHR_2020s,BHR,2020s,0.31861055687302176,0.5279363405599069,0.6,0.6,0.6,1.0,0.13540000000000002,1.0,0.0
BIH_2000s,BIH,2000s,0.14260038126620497,0.4023999103632543,0.5,0.9,0.3833333333333333,2.8,0.6212,0.5,0.0
BIH_2010s,BIH,2010s,0.13551715323743913,0.38275730026866484,0.5,1.3,0.3888888888888889,1.4444444444444444,0.5476,0.9,0.0
BIH_2020s,BIH,2020s,0.14901883984331227,0.3874072452208481,0.0,0.8,0.0,1.0,0.511,0.4,0.0
BLR_1990s,BLR,1990s,0.1559009287377912,0.3790572813255109,0.0,0.0,0.12857142857142856,1.0,0.46040000000000003,0.0,0.0
BLR_2000s,BLR,2000s,0.16640533087276224,0.41715986102562014,0.0,0.0,0.12857142857142856,1.0,0.2398,0.0,0.0
BLR_2010s,BLR,2010s,0.26857140753613806,0.4698043944955991,0.0,0.0,0.12857142857142856,1.0,0.24159999999999998,0.0,0.0
BLR_2020s,BLR,2020s,0.29320254142429153,0.5073019410849053,0.0,0.0,0.12857142857142856,1.0,0.1736,0.0,0.0
BLZ_1990s,BLZ,1990s,0.06531132011837415,0.18015194668799558,0.0,0.0,0.12857142857142856,1.0,0.4992,0.0,0.0
BLZ_2000s,BLZ,2000s,0.07046130266173571,0.19663102264758442,0.0,0.0,0.12857142857142856,1.0,0.4992,0.0,0.0
BLZ_2010s,BLZ,2010s,0.0838195338092388,0.23017143958817168,0.0,0.0,0.12857142857142856,1.0,0.4992,0.0,0.0
BLZ_2020s,BLZ,2020s,0.09207058709720387,0.2519127985302584,0.0,0.0,0.12857142857142856,1.0,0.4992,0.0,0.0
BOL_1990s,BOL,1990s,0.19675497881213821,0.4257893120630486,0.0,0.0,0.12857142857142856,1.0,0.7062727272727273,0.0,0.0
BOL_2000s,BOL,2000s,0.18961761699872084,0.44276552843012046,0.0,0.0,0.12857142857142856,1.0,0.7293000000000001,0.0,0.0
BOL_2010s,BOL,2010s,0.21910606491538073,0.4729867766356971,0.0,0.1,0.0,1.0,0.6219,0.1,0.0
BOL_2020s,BOL,2020s,0.17546601905069842,0.45545073213422105,0.0,0.2,0.0,1.0,0.5266,0.2,0.0
BRA_1990s,BRA,1990s,0.3740889040819237,0.6813912686905934,0.0,0.5454545454545454,0.0,1.0,0.83,0.5454545454545454,0.0
BRA_2000s,BRA,2000s,0.37390691038692536,0.7068328505556456,0.0,0.2,0.0,1.0,0.8606999999999999,0.2,0.0
BRA_2010s,BRA,2010s,0.3827057478429071,0.7289755896520912,0.0,0.5,0.0,1.0,0.8219,0.3,0.0
BRA_2020s,BRA,2020s,0.38840880583951687,0.7209323630596979,0.0,1.4,0.0,1.5,0.7354,0.8,0.0
BRN_1990s,BRN,1990s,0.18798163345372004,0.431371509635126,0.0,0.0,0.12857142857142856,1.0,0.4992,0.0,0.0
BRN_2000s,BRN,2000s,0.17143249465709465,0.4245017344393508,0.0,0.0,0.12857142857142856,1.0,0.4992,0.0,0.0
BRN_2010s,BRN,2010s,0.21250897403816443,0.43734525430242027,0.0,0.0,0.12857142857142856,1.0,0.4992,0.0,0.0
BRN_2020s,BRN,2020s,0.18744030672667097,0.4450737440723974,0.0,0.0,0.12857142857142856,1.0,0.4992,0.0,0.0
BWA_1990s,BWA,1990s,0.19365334970389333,0.3985824277456778,0.0,0.09090909090909091,0.0,1.0,0.6859090909090909,0.09090909090909091,0.0
BWA_2000s,BWA,2000s,0.1902635212155462,0.42436579190849033,0.0,0.0,0.12857142857142856,1.0,0.7106999999999999,0.0,0.0
BWA_2010s,BWA,2010s,0.1841805662646487,0.4344292020687813,0.0,0.0,0.12857142857142856,1.0,0.6957,0.0,0.0
BWA_2020s,BWA,2020s,0.22211039335859173,0.44603635815556064,0.0,0.8,0.0,1.0,0.5816,0.8,0.0
CAF_1990s,CAF,1990s,0.09268556955663088,0.25125163931714606,0.0,0.0,0.12857142857142856,1.0,0.31027272727272726,0.0,0.0
CAF_2000s,CAF,2000s,0.09308236592345998,0.25640992722305506,0.0,0.5,0.0,0.125,0.31510000000000005,0.4,3.713572066704308
CAF_2010s,CAF,2010s,0.10691656731715644,0.27811485479682757,0.0,1.4,0.0,0.16666666666666666,0.3398,0.9,4.44500143383527
CAF_2020s,CAF,2020s,0.1503533044579985,0.29146909015210287,0.0,1.6,0.0,0.0,0.3286,1.0,6.031165913959534
CAN_1990s,CAN,1990s,0.38221578700605163,0.7026257239625286,0.18181818181818182,0.0,1.0,1.0,0.8367272727272727,0.18181818181818182,0.0
CAN_2000s,CAN,2000s,0.3825539279546004,0.70452222995706,0.6,0.8,0.48148148148148145,1.1666666666666667,0.8282,0.9,0.0
CAN_2010s,CAN,2010s,0.38729950663922275,0.7189551692539048,0.8,0.8,0.5925925925925926,1.2777777777777777,0.8248,0.9,0.0
CAN_2020s,CAN,2020s,0.38632777695138615,0.7366822443452711,0.2,1.6,0.1,1.0,0.8455999999999999,1.0,0.0
CHE_1990s,CHE,1990s,0.3635177951789244,0.6434314451658282,0.0,0.0,0.12857142857142856,1.0,0.8867272727272727,0.0,0.0
CHE_2000s,CHE,2000s,0.31939296362948727,0.6213648959604289,0.2,0.0,1.0,1.0,0.8891,0.2,0.0
CHE_2010s,CHE,2010s,0.2548885318710937,0.6197564235277642,0.0,1.2,0.0,1.4,0.9024000000000001,0.5,0.0
CHE_2020s,CHE,2020s,0.2499714400239461,0.6314753377734499,0.2,1.4,0.125,1.0,0.8914,0.8,0.0
CHL_1990s,CHL,1990s,0.32097733440653414,0.5561304220959659,0.0,0.0,0.12857142857142856,1.0,0.7638181818181817,0.0,0.0
CHL_2000s,CHL,2000s,0.3443988792850047,0.5922173524503813,0.0,0.0,0.12857142857142856,1.0,0.8838000000000001,0.0,0.0
CHL_2010s,CHL,2010s,0.3260380935361497,0.6130924909846087,0.0,0.0,0.12857142857142856,1.0,0.8817,0.0,0.0
CHL_2020s,CHL,2020s,0.31577413103026897,0.6177177369894724,0.0,0.0,0.12857142857142856,1.0,0.8384,0.0,0.0
CHN_1990s,CHN,1990s,0.41895284249628606,0.733850769516232,0.0,0.0,0.12857142857142856,1.0,0.09963636363636365,0.0,0.0
CHN_2000s,CHN,2000s,0.4749803337571927,0.806345778501934,0.0,0.1,0.0,0.0,0.09809999999999999,0.1,1.5260563034950492
CHN_2010s,CHN,2010s,0.48136234746796597,0.8737897351816214,0.0,1.8,0.0,1.8571428571428572,0.0843,0.7,0.0
CHN_2020s,CHN,2020s,0.462155741169784,0.9035864875479497,0.2,2.2,0.1,0.9333333333333332,0.0748,1.0,0.0
CIV_1990s,CIV,1990s,0.13932057520802094,0.38281359261624454,0.0,0.0,0.12857142857142856,1.0,0.32872727272727276,0.0,0.0
CIV_2000s,CIV,2000s,0.1719882623988233,0.42655951046617174,0.0,0.5,0.0,0.0,0.4226,0.3,4.4520190064939165
CIV_2010s,CIV,2010s,0.19169668737597706,0.4537476486242613,0.0,2.6,0.0,1.5625,0.48769999999999997,0.8,2.379546134130174
CIV_2020s,CIV,2020s,0.22784437449065048,0.4697831214388777,0.2,3.2,0.06666666666666667,1.1166666666666667,0.4502,1.0,0.0
CMR_1990s,CMR,1990s,0.16816522621334043,0.39596965232106096,0.0,0.09090909090909091,0.0,0.0,0.27254545454545454,0.09090909090909091,0.0
CMR_2000s,CMR,2000s,0.16698340504839632,0.4194020316416345,0.0,0.0,0.12857142857142856,1.0,0.3101,0.0,0.0
CMR_2010s,CMR,2010s,0.21616720567572792,0.44155887170042696,0.5,3.0,0.1865079365079365,0.8555555555555556,0.3099,0.6,5.624378451868933
CMR_2020s,CMR,2020s,0.18049695794105572,0.44595862380737616,1.0,5.8,0.1388888888888889,0.6761904761904762,0.2828,1.0,5.996949477338552
COD_1990s,COD,1990s,0.16194411227360994,0.3428530045760545,0.5454545454545454,0.09090909090909091,0.9,0.2,0.16627272727272727,0.45454545454545453,6.9997541974828055
COD_2000s,COD,2000s,0.19246455980901403,0.39283698790864463,0.1,1.1,0.07142857142857142,0.19047619047619047,0.23559999999999998,0.7,5.811739616161293
COD_2010s,COD,2010s,0.18451245556468995,0.4289043051089105,0.2,5.4,0.029166666666666664,0.8400000000000001,0.3232,1.0,6.655955018418123
COD_2020s,COD,2020s,0.20228458151270004,0.4493541328950962,0.0,7.2,0.0,0.6166666666666667,0.3332,1.0,6.921658184151129
COG_1990s,COG,1990s,0.14364610770299138,0.3846340838299779,0.18181818181818182,0.5454545454545454,0.20833333333333331,0.0,0.29563636363636364,0.36363636363636365,7.148560129151184
COG_2000s,COG,2000s,0.15252042044712316,0.3710404430088025,0.0,0.1,0.0,0.0,0.23200000000000004,0.1,2.8735646395797834
COG_2010s,COG,2010s,0.19122043126069596,0.4332929415007913,0.0,0.9,0.0,1.1666666666666667,0.25179999999999997,0.6,2.1162555148025524
COG_2020s,COG,2020s,0.16100054514322032,0.40525583795416764,0.0,1.6,0.0,1.4,0.2524,1.0,0.0
COL_1990s,COL,1990s,0.31233832429528513,0.5876319422783913,0.2727272727272727,1.9090909090909092,0.13636363636363635,0.0,0.5325454545454545,1.0,6.745343295637077
COL_2000s,COL,2000s,0.3402708208727073,0.637693938546009,0.6,1.5,0.25,0.0,0.5566,1.0,7.217370061433467
COL_2010s,COL,2010s,0.3447044122670559,0.6647740556872083,0.0,1.4,0.0,0.0,0.6651,0.9,5.01926462079431
COL_2020s,COL,2020s,0.31949360168588636,0.6793415715664567,0.0,2.2,0.0,0.1,0.6804,1.0,4.757032535297338
CRI_1990s,CRI,1990s,0.0051716173290903104,0.0,0.0,0.0,0.12857142857142856,1.0,0.891,0.0,0.0
CRI_2000s,CRI,2000s,0.0,0.0,0.0,0.0,0.12857142857142856,1.0,0.8991,0.0,0.0
CRI_2010s,CRI,2010s,0.0057001438202149285,0.0,0.0,0.0,0.12857142857142856,1.0,0.9032,0.0,0.0
CRI_2020s,CRI,2020s,0.0,0.0,0.0,0.0,0.12857142857142856,1.0,0.8757999999999999,0.0,0.0
CYP_1990s,CYP,1990s,0.26775715839361647,0.4651351798968226,0.0,0.0,0.12857142857142856,1.0,0.7650909090909092,0.0,0.0
CYP_2000s,CYP,2000s,0.2166939200245232,0.4385886568063541,0.0,0.0,0.12857142857142856,1.0,0.8209,0.0,0.0
CYP_2010s,CYP,2010s,0.19125007130052762,0.4331455554999115,0.0,0.0,0.12857142857142856,1.0,0.8446,0.0,0.0
CYP_2020s,CYP,2020s,0.2247244592844174,0.4573190017558593,0.0,0.0,0.12857142857142856,1.0,0.787,0.0,0.0
CZE_1990s,CZE,1990s,0.2744306465086022,0.6208485910378976,0.18181818181818182,0.0,1.0,1.0,0.8124545454545454,0.18181818181818182,0.0
CZE_2000s,CZE,2000s,0.3017323205009227,0.5999459167025487,1.0,1.5,0.39444444444444443,2.055555555555556,0.8893000000000001,0.6,0.0
CZE_2010s,CZE,2010s,0.2527720151114272,0.5802553996873684,0.5,1.5,0.35,1.5,0.8526999999999999,1.0,0.0
CZE_2020s,CZE,2020s,0.3070254363281889,0.61150282002515,0.2,1.6,0.08333333333333333,1.0,0.8353999999999999,0.8,0.0
DEU_1990s,DEU,1990s,0.42479469625376487,0.7889928135751559,0.09090909090909091,0.0,1.0,1.0,0.890909090909091,0.09090909090909091,0.0
DEU_2000s,DEU,2000s,0.3940456780178204,0.7745778451831284,0.6,1.2,0.35185185185185186,1.1111111111111112,0.899,0.9,0.0
DEU_2010s,DEU,2010s,0.3763849760868095,0.7779278539113381,0.5,2.2,0.2333333333333333,1.6,0.8893000000000001,1.0,0.0
DEU_2020s,DEU,2020s,0.40967618811565976,0.8010641166855044,0.2,1.4,0.125,1.0,0.8535999999999999,0.8,0.0
DJI_1990s,DJI,1990s,0.14051732980399317,0.30210984977639566,0.0,0.45454545454545453,0.0,0.0,0.22309090909090906,0.45454545454545453,3.295836866004329
DJI_2000s,DJI,2000s,0.1333489267885185,0.29920911223744623,0.0,0.1,0.0,0.0,0.2528,0.1,0.0
DNK_1990s,DNK,1990s,0.3273097598406678,0.6068543760003966,0.18181818181818182,0.0,1.0,1.0,0.9079999999999999,0.18181818181818182,0.0
DNK_2000s,DNK,2000s,0.3246061805273627,0.6063104025869294,1.0,1.4,0.37083333333333335,1.8958333333333335,0.9141999999999999,0.8,0.0
DNK_2010s,DNK,2010s,0.30619294033122924,0.6040493068867313,0.8,1.5,0.4083333333333333,1.4333333333333333,0.9196,1.0,0.0
DNK_2020s,DNK,2020s,0.3542052857497449,0.6349843264423967,0.2,1.4,0.125,1.0,0.9158000000000002,0.8,0.0
DOM_1990s,DOM,1990s,0.13803337921243497,0.36677637666361934,0.0,0.0,0.12857142857142856,1.0,0.5083636363636365,0.0,0.0
DOM_2000s,DOM,2000s,0.18199968251357612,0.42159801912263256,0.2,0.1,0.6666666666666666,3.0,0.6548,0.1,0.0
DOM_2010s,DOM,2010s,0.17288610133086157,0.4471738472311495,0.0,0.0,0.12857142857142856,1.0,0.5922,0.0,0.0
DOM_2020s,DOM,2020s,0.20811492323410463,0.4829682379731463,0.0,0.0,0.12857142857142856,1.0,0.6888,0.0,0.0
DZA_1990s,DZA,1990s,0.3123637718709519,0.5281264151469253,0.45454545454545453,0.9090909090909091,0.3333333333333333,0.0,0.2671818181818182,0.8181818181818182,7.04141166379481
DZA_2000s,DZA,2000s,0.36186096919480865,0.5994834098405599,0.0,1.4,0.0,0.0,0.3302,1.0,6.22633902129789
DZA_2010s,DZA,2010s,0.4041545297700562,0.6693831823094716,0.0,1.1,0.0,0.0,0.3165,0.9,4.876722876509988
DZA_2020s,DZA,2020s,0.39141847816416087,0.6906786345344308,0.0,0.2,0.0,0.0,0.271,0.2,1.824549292051046
ECU_1990s,ECU,1990s,0.33594010756401943,0.6194294769151232,0.0,0.09090909090909091,0.0,0.0,0.704,0.09090909090909091,0.0
ECU_2000s,ECU,2000s,0.24666916676510264,0.5222753767148598,0.0,0.0,0.12857142857142856,1.0,0.6771999999999999,0.0,0.0
ECU_2010s,ECU,2010s,0.2835000021716553,0.5740866933297261,0.0,0.0,0.12857142857142856,1.0,0.571,0.0,0.0
ECU_2020s,ECU,2020s,0.2652051351747395,0.5689604073907344,0.0,0.2,0.0,1.0,0.6388,0.2,0.0
EGY_1990s,EGY,1990s,0.36865231024618234,0.5647879374906801,0.09090909090909091,0.5454545454545454,0.14285714285714285,0.14285714285714285,0.21627272727272728,0.6363636363636364,4.044644893669828
EGY_2000s,EGY,2000s,0.3642414705662075,0.589128348596822,0.0,0.0,0.12857142857142856,1.0,0.2109,0.0,0.0
EGY_2010s,EGY,2010s,0.37155657851171986,0.58292498521567,0.3,3.4,0.07738095238095237,1.3190476190476192,0.19,0.7,5.746203190540153
EGY_2020s,EGY,2020s,0.36304281561967866,0.5775923537718575,0.2,3.6,0.05,0.95,0.18239999999999998,1.0,5.1647859739235145
ESP_1990s,ESP,1990s,0.3911120407794692,0.7084714667555931,0.18181818181818182,0.09090909090909091,0.75,0.75,0.8925454545454545,0.18181818181818182,1.6274564179367788
ESP_2000s,ESP,2000s,0.38903342656442613,0.7162929853080876,0.7,0.8,0.4875,1.3333333333333335,0.8836999999999999,0.8,0.0
ESP_2010s,ESP,2010s,0.3666118318623884,0.7091939732466354,0.5,1.1,0.4375,1.4166666666666667,0.868,0.8,0.0
ESP_2020s,ESP,2020s,0.37313130469329664,0.7229852823720656,0.2,3.0,0.06666666666666667,1.1333333333333333,0.8526,1.0,0.0
EST_1990s,EST,1990s,0.170215805140256,0.34736050685274344,0.0,0.0,0.12857142857142856,1.0,0.795,0.0,0.0
EST_2000s,EST,2000s,0.21402301337709714,0.43058906637251715,1.1,1.2,0.49722222222222223,2.1666666666666665,0.8705999999999999,0.6,0.0
EST_2010s,EST,2010s,0.22524797807236804,0.46742999285953274,0.5,2.1,0.25,1.65,0.8929,1.0,0.0
EST_2020s,EST,2020s,0.2620785438487069,0.5041945744149632,0.2,1.4,0.125,1.0,0.8958,0.8,0.0
ETH_1990s,ETH,1990s,0.22255916784647412,0.45618086251758627,0.7272727272727273,1.7272727272727273,0.215,0.0,0.21454545454545454,0.9090909090909091,8.982777981045716
ETH_2000s,ETH,2000s,0.22441071251892453,0.4835326898314567,0.4,2.3,0.11666666666666665,0.2,0.24359999999999998,1.0,4.7318028369214575
ETH_2010s,ETH,2010s,0.25651064873642654,0.45512140486049824,0.9,2.7,0.27,0.6033333333333333,0.24090000000000003,1.0,3.970291913552122
ETH_2020s,ETH,2020s,0.23648713069826943,0.47278883431755947,2.0,2.0,0.5266666666666666,0.43999999999999995,0.2898,1.0,11.045143366297152
FIN_1990s,FIN,1990s,0.3385489166244664,0.572513333889905,0.0,0.0,0.12857142857142856,1.0,0.8672727272727272,0.0,0.0
FIN_2000s,FIN,2000s,0.3130530967128769,0.5871022763779815,0.4,0.2,0.75,1.5,0.8755000000000001,0.4,0.0
FIN_2010s,FIN,2010s,0.32325245889200954,0.5993412815715378,0.5,2.1,0.25,1.65,0.8808,1.0,0.0
FIN_2020s,FIN,2020s,0.3063276827020732,0.6150948315503643,0.2,1.4,0.125,1.0,0.86,0.8,0.0
FJI_1990s,FJI,1990s,0.11911463575777606,0.2869843821468536,0.0,0.0,0.12857142857142856,1.0,0.4369090909090909,0.0,0.0
FJI_2000s,FJI,2000s,0.109021823835319,0.30423692641974426,0.0,0.0,0.12857142857142856,1.0,0.3296,0.0,0.0
FJI_2010s,FJI,2010s,0.11019802488764066,0.30662296792609844,0.0,0.0,0.12857142857142856,1.0,0.27090000000000003,0.0,0.0
FJI_2020s,FJI,2020s,0.13399188819195018,0.311607722619463,0.0,0.0,0.12857142857142856,1.0,0.4464,0.0,0.0
FRA_1990s,FRA,1990s,0.40047173248481477,0.7852837188049281,0.18181818181818182,0.0,1.0,1.0,0.8739090909090909,0.18181818181818182,0.0
FRA_2000s,FRA,2000s,0.36316641238074365,0.7832408092740546,0.6,1.2,0.35185185185185186,1.1666666666666667,0.8763,0.9,0.0
FRA_2010s,FRA,2010s,0.37741780104602196,0.7842946969180602,0.9,3.8,0.23500000000000001,1.4233333333333333,0.8833,1.0,0.0
FRA_2020s,FRA,2020s,0.3998636642504338,0.7936379423058361,0.4,5.6,0.05,1.0535714285714284,0.8688,1.0,0.0
GAB_2000s,GAB,2000s,0.150277413932605,0.37207398263732105,0.0,0.0,0.12857142857142856,1.0,0.34619999999999995,0.0,0.0
GAB_2010s,GAB,2010s,0.17441730902634284,0.403990143701923,0.0,0.6,0.0,1.2,0.37629999999999997,0.5,0.0
GAB_2020s,GAB,2020s,0.17345768822849245,0.40993457185340204,0.0,1.0,0.0,1.6666666666666667,0.32999999999999996,0.6,0.0
GBR_1990s,GBR,1990s,0.43488960705464197,0.799984284861259,0.18181818181818182,0.36363636363636365,0.3,0.3,0.8151818181818181,0.45454545454545453,2.5993170009657445
GBR_2000s,GBR,2000s,0.4328950867878979,0.8047201276775032,1.5,2.3,0.37666666666666665,1.45,0.8618,1.0,0.0
GBR_2010s,GBR,2010s,0.43114990739526904,0.8042573915148955,0.9,2.8,0.2542857142857143,1.375,0.8627,1.0,0.0
GBR_2020s,GBR,2020s,0.4428573538555624,0.810472170524932,0.2,2.6,0.06666666666666667,1.0,0.8512000000000001,1.0,0.0
GEO_1990s,GEO,1990s,0.16708937504739768,0.3257846658160499,0.09090909090909091,0.45454545454545453,0.16666666666666666,0.0,0.3496,0.2727272727272727,5.464216938864378
GEO_2000s,GEO,2000s,0.2268088038169745,0.39538016747586874,0.8,1.3,0.38611111111111107,2.4722222222222223,0.4687,0.6,4.186619838331271
GEO_2010s,GEO,2010s,0.19009574997862067,0.44003585927783756,0.5,0.3,0.7,1.6,0.6125,0.5,0.0
GEO_2020s,GEO,2020s,0.1754626897025687,0.441850195386558,0.0,0.0,0.12857142857142856,1.0,0.5795999999999999,0.0,0.0
GHA_1990s,GHA,1990s,0.12100528127699381,0.2701139893902955,0.09090909090909091,0.09090909090909091,0.5,2.0,0.38190909090909086,0.09090909090909091,0.0
GHA_2000s,GHA,2000s,0.1424092593895908,0.3044459551195758,0.0,0.0,0.12857142857142856,1.0,0.7264,0.0,0.0
GHA_2010s,GHA,2010s,0.188747899201437,0.3784515428617676,0.7,2.5,0.3041666666666667,1.3854166666666667,0.7445,0.8,0.0
GHA_2020s,GHA,2020s,0.19350801009833904,0.4021747876107085,1.2,3.2,0.31333333333333335,1.09,0.6724,1.0,0.0
GIN_1990s,GIN,1990s,0.13669808647768217,0.3591911821447433,0.2727272727272727,1.0909090909090908,0.17592592592592593,1.2777777777777777,0.19763636363636364,0.8181818181818182,0.0
GIN_2000s,GIN,2000s,0.18093767120553655,0.40774033228790574,0.0,0.2,0.0,0.0,0.2637,0.2,4.188138441508461
GIN_2010s,GIN,2010s,0.1761492905722791,0.4296680352842687,0.0,2.3,0.0,1.8571428571428572,0.3423,0.7,0.0
GIN_2020s,GIN,2020s,0.1708110214195243,0.4412890787597781,0.2,3.0,0.06666666666666667,1.1333333333333333,0.21059999999999998,1.0,0.0
GMB_1990s,GMB,1990s,0.041794017909172664,0.10228452247364674,0.0,0.0,0.12857142857142856,1.0,0.31936363636363635,0.0,0.0
GMB_2000s,GMB,2000s,0.05593127159906479,0.1271949818920269,0.0,0.0,0.12857142857142856,1.0,0.252,0.0,0.0
GMB_2010s,GMB,2010s,0.07272509512729565,0.20595644219527445,0.0,1.7,0.0,1.4,0.327,0.5,0.0
GMB_2020s,GMB,2020s,0.07659772881575957,0.20470284131315797,0.2,3.0,0.06666666666666667,1.1333333333333333,0.5778000000000001,1.0,0.0
GNB_1990s,GNB,1990s,0.045441654152137134,0.1282272234510458,0.0,0.18181818181818182,0.0,0.0,0.2387272727272727,0.18181818181818182,4.174387269895637
GNB_2000s,GNB,2000s,0.07335899899399627,0.19990978113420219,0.0,0.0,0.12857142857142856,1.0,0.4236,0.0,0.0
GNB_2010s,GNB,2010s,0.07969464011787347,0.2233631118209715,0.0,1.4,0.0,2.2,0.44820000000000004,0.5,0.0
GNB_2020s,GNB,2020s,0.08164443865372131,0.23140816242250722,0.0,0.0,0.12857142857142856,1.0,0.4304,0.0,0.0
GNQ_1990s,GNQ,1990s,0.06699654417367762,0.16287614022926222,0.0,0.0,0.12857142857142856,1.0,0.17281818181818182,0.0,0.0
GNQ_2000s,GNQ,2000s,0.2396662807650246,0.42233258393431194,0.0,0.0,0.12857142857142856,1.0,0.183,0.0,0.0
GNQ_2010s,GNQ,2010s,0.15981535951818907,0.36767039164033183,0.0,0.0,0.12857142857142856,1.0,0.17719999999999997,0.0,0.0
GNQ_2020s,GNQ,2020s,0.14136491114945995,0.36437193425272557,0.0,0.0,0.12857142857142856,1.0,0.1758,0.0,0.0
GRC_1990s,GRC,1990s,0.39684800696393113,0.6350449114696979,0.18181818181818182,0.0,1.0,1.0,0.8814545454545454,0.18181818181818182,0.0
GRC_2000s,GRC,2000s,0.3977253505120994,0.6534282668462708,0.4,0.3,0.6,1.4,0.8907999999999999,0.5,0.0
GRC_2010s,GRC,2010s,0.3356357448258144,0.6262061337489855,0.5,0.3,0.7,1.6,0.882,0.5,0.0
GRC_2020s,GRC,2020s,0.36904106172664847,0.6460769754239284,0.0,0.4,0.0,1.0,0.7578,0.4,0.0
GTM_1990s,GTM,1990s,0.18616097355566208,0.45756833209890535,0.0,0.6363636363636364,0.0,0.0,0.4200909090909091,0.6363636363636364,3.6820379222972197
GTM_2000s,GTM,2000s,0.15035339323689279,0.4264850672890609,0.0,0.0,0.12857142857142856,1.0,0.5549999999999999,0.0,0.0
GTM_2010s,GTM,2010s,0.1698651036978443,0.42549450974112835,0.0,0.6,0.0,1.0,0.5919,0.4,0.0
GTM_2020s,GTM,2020s,0.17304141017396563,0.4385951823520943,0.2,1.6,0.08333333333333333,1.0,0.5536,0.8,0.0
GUY_1990s,GUY,1990s,0.06413338686126652,0.1758823388466832,0.0,0.0,0.12857142857142856,1.0,0.41400000000000003,0.0,0.0
GUY_2000s,GUY,2000s,0.10367712176015878,0.25965858328446895,0.0,0.0,0.12857142857142856,1.0,0.5729,0.0,0.0
GUY_2010s,GUY,2010s,0.10570876548051458,0.2902780263405977,0.0,0.0,0.12857142857142856,1.0,0.623,0.0,0.0
GUY_2020s,GUY,2020s,0.14789941991044783,0.34037225627516376,0.0,0.0,0.12857142857142856,1.0,0.5038,0.0,0.0
HND_1990s,HND,1990s,0.15815473612151065,0.3839495674886646,0.09090909090909091,0.0,1.0,1.0,0.513909090909091,0.09090909090909091,0.0
HND_2000s,HND,2000s,0.1300278111408052,0.36748520511914595,0.2,0.1,0.6666666666666666,3.0,0.5358,0.1,0.0
HND_2010s,HND,2010s,0.18571274065867766,0.42657719133557326,0.0,0.0,0.12857142857142856,1.0,0.4085,0.0,0.0
HND_2020s,HND,2020s,0.17721544176803575,0.44856315150240117,0.0,0.0,0.12857142857142856,1.0,0.4774,0.0,0.0
HRV_1990s,HRV,1990s,0.27763149649922825,0.5745473442714545,0.36363636363636365,0.45454545454545453,0.5333333333333333,0.5,0.375,0.45454545454545453,6.2469872797587565
HRV_2000s,HRV,2000s,0.2309356130955897,0.5125381444341628,0.4,0.3,0.6,1.4,0.7713,0.5,0.0
HRV_2010s,HRV,2010s,0.2333695456243782,0.5053686113523305,0.5,0.3,0.7,1.6,0.7981999999999999,0.5,0.0
HRV_2020s,HRV,2020s,0.2453784948801224,0.5251776098334491,0.0,0.0,0.12857142857142856,1.0,0.7323999999999999,0.0,0.0
HTI_1990s,HTI,1990s,0.06047806273793969,0.1737044025757471,0.0,0.18181818181818182,0.0,0.0,0.3141818181818182,0.18181818181818182,2.9911764570181303
HTI_2010s,HTI,2010s,0.06847235260623508,0.19818378445792187,0.0,0.0,0.12857142857142856,1.0,0.4309,0.0,0.0
HTI_2020s,HTI,2020s,0.08074902562249406,0.2336451347788898,0.0,0.2,0.0,0.0,0.2862,0.2,3.6788291182604347
HUN_1990s,HUN,1990s,0.27944094751375004,0.5419396476608394,0.09090909090909091,0.0,1.0,1.0,0.7859999999999999,0.09090909090909091,0.0
HUN_2000s,HUN,2000s,0.25667888606984535,0.545097534691796,0.4,0.2,0.75,1.5,0.843,0.4,0.0
HUN_2010s,HUN,2010s,0.23180786161726816,0.5315236564895616,0.5,1.2,0.3888888888888889,1.4814814814814816,0.6498,0.9,0.0
HUN_2020s,HUN,2020s,0.3198451394517771,0.5940206463999758,0.0,0.0,0.12857142857142856,1.0,0.44699999999999995,0.0,0.0
IDN_1990s,IDN,1990s,0.32369475819654064,0.5745517396164792,0.0,0.6363636363636364,0.0,0.0,0.23463636363636364,0.5454545454545454,3.7633120488967062
IDN_2000s,IDN,2000s,0.3216034228641566,0.5812884139203499,0.0,0.6,0.0,0.0,0.6837,0.6,5.722277057292366
IDN_2010s,IDN,2010s,0.37051750038307285,0.6394267228006882,0.0,2.0,0.0,1.236111111111111,0.6498,0.6,1.9740810260220096
IDN_2020s,IDN,2020s,0.3652196262911459,0.6655881971129853,0.2,5.6,0.02,0.9714285714285713,0.5412,1.0,3.9080149840306073
IND_1990s,IND,1990s,0.4382257794657777,0.7245801639196083,0.2727272727272727,5.454545454545454,0.05606060606060606,0.0,0.7245454545454545,1.0,7.319322940695706
IND_2000s,IND,2000s,0.4544355001512307,0.7633078867511133,0.5,6.1,0.07428571428571429,0.0,0.7245,1.0,7.329946391005888
IND_2010s,IND,2010s,0.47874143487404097,0.7976379023806821,0.0,3.7,0.0,0.0,0.5735,1.0,6.3286508144628515
IND_2020s,IND,2020s,0.4769187391198394,0.8160980868942411,0.0,2.4,0.0,0.0,0.3854,1.0,5.919968545402912
IRL_1990s,IRL,1990s,0.2020807255933515,0.5057356875946992,0.0,0.0,0.12857142857142856,1.0,0.8682727272727273,0.0,0.0
IRL_2000s,IRL,2000s,0.23391190834362408,0.5204720433548526,0.3,0.1,0.8333333333333334,1.3333333333333333,0.8864000000000001,0.3,0.0
IRL_2010s,IRL,2010s,0.22532484330306818,0.5122484920632794,0.5,0.5,0.5833333333333334,1.5,0.8924,0.6,0.0
IRL_2020s,IRL,2020s,0.2142142657266667,0.5178093121162547,0.0,0.8,0.0,1.0,0.8939999999999999,0.4,0.0
IRN_1990s,IRN,1990s,0.34740057801818763,0.5652957096802202,0.0,0.6363636363636364,0.0,0.0,0.18145454545454545,0.5454545454545454,3.5047380606029956
IRN_2000s,IRN,2000s,0.35246541230297596,0.6280420245893635,0.1,1.1,0.07142857142857142,0.07142857142857142,0.1986,0.7,4.084294226368599
IRN_2010s,IRN,2010s,0.2985305491480452,0.6398384905255676,0.9,1.0,0.4261904761904762,0.46190476190476193,0.1724,0.7,3.883623530906448
IRN_2020s,IRN,2020s,0.2651520748399817,0.6465678635787296,1.0,4.4,0.19,0.6599999999999999,0.158,1.0,3.770459441106359
IRQ_2000s,IRQ,2000s,0.336686172685323,0.5701635116648445,0.8,0.9,0.5833333333333333,0.0,0.2744,0.7,7.377446359389572
IRQ_2010s,IRQ,2010s,0.3787790695189008,0.6260434586717588,0.5,0.6,0.5,0.0,0.4006,1.0,8.521742826114808
IRQ_2020s,IRQ,2020s,0.28356793766374067,0.6181024107282982,0.0,1.0,0.0,0.0,0.3734,1.0,6.061923010756543
ISL_1990s,ISL,1990s,0.0,0.0,0.09090909090909091,0.0,1.0,1.0,0.864,0.09090909090909091,0.0
ISL_2000s,ISL,2000s,0.0,0.0,0.4,0.2,0.75,1.5,0.8703,0.4,0.0
ISL_2010s,ISL,2010s,0.009720749542804519,0.0,0.5,0.3,0.7,1.6,0.8667,0.5,0.0
ISL_2020s,ISL,2020s,0.0,0.0,0.0,0.0,0.12857142857142856,1.0,0.842,0.0,0.0
ISR_1990s,ISR,1990s,0.40601383275559044,0.6874651942148188,0.0,1.7272727272727273,0.0,0.0,0.7694545454545455,1.0,4.5700139290035136
ISR_2000s,ISR,2000s,0.40454090898240863,0.6937848682463413,0.1,3.3,0.02,0.0,0.761,1.0,6.229890721953349
ISR_2010s,ISR,2010s,0.3945693578749803,0.7097603399360933,0.1,1.0,0.08333333333333333,0.0,0.7311,0.6,5.6458001921178536
ISR_2020s,ISR,2020s,0.4154656048660252,0.7355539036067623,0.6,2.8,0.12000000000000002,0.0,0.713,1.0,9.268986567408916
ITA_1990s,ITA,1990s,0.38845787670471893,0.7480778675647088,0.18181818181818182,0.0,1.0,1.0,0.8326363636363635,0.18181818181818182,0.0
ITA_2000s,ITA,2000s,0.40261472968050527,0.757615479799599,0.9,1.1,0.5333333333333333,1.3703703703703705,0.8455,0.9,0.0
ITA_2010s,ITA,2010s,0.3915777417544558,0.7419011904563628,0.5,2.1,0.25,1.65,0.8638,1.0,0.0
ITA_2020s,ITA,2020s,0.40401394439697613,0.7573054245812235,0.2,1.4,0.125,1.0,0.8291999999999999,0.8,0.0
JAM_1990s,JAM,1990s,0.13148752817760417,0.33117107469442997,0.0,0.0,0.12857142857142856,1.0,0.6144545454545455,0.0,0.0
JAM_2000s,JAM,2000s,0.13865398366515952,0.33613737724811665,0.0,0.0,0.12857142857142856,1.0,0.7348,0.0,0.0
JAM_2010s,JAM,2010s,0.1530831241056667,0.36854087328502777,0.0,0.0,0.12857142857142856,1.0,0.7951,0.0,0.0
JAM_2020s,JAM,2020s,0.19170701078324548,0.39820746117878314,0.0,0.0,0.12857142857142856,1.0,0.8006,0.0,0.0
JOR_1990s,JOR,1990s,0.2727280320234886,0.49410996003326707,0.0,0.0,0.12857142857142856,1.0,0.21854545454545454,0.0,0.0
JOR_2000s,JOR,2000s,0.31648158385457004,0.5176353119362245,0.1,0.2,0.3333333333333333,1.0,0.21430000000000002,0.3,0.0
JOR_2010s,JOR,2010s,0.3261735305597248,0.5488938352016597,0.9,3.1,0.18,1.29,0.252,1.0,1.4816045409242156
JOR_2020s,JOR,2020s,0.29901534684286146,0.5612488347259826,0.2,3.0,0.06666666666666667,1.1333333333333333,0.2594,1.0,0.0
JPN_1990s,JPN,1990s,0.4433376042002972,0.7534925649185005,0.0,0.0,0.12857142857142856,1.0,0.8366363636363636,0.0,0.0
JPN_2000s,JPN,2000s,0.4170533004980677,0.7569045403050517,0.0,0.1,0.0,1.0,0.8429,0.1,0.0
JPN_2010s,JPN,2010s,0.41219934130032376,0.7582785510997803,0.0,0.0,0.12857142857142856,1.0,0.8299,0.0,0.0
JPN_2020s,JPN,2020s,0.4389095973847789,0.7705351773038931,0.0,0.0,0.12857142857142856,1.0,0.8251999999999999,0.0,0.0
KAZ_1990s,KAZ,1990s,0.21848962831868374,0.47421971419026404,0.0,0.0,0.12857142857142856,1.0,0.2862,0.0,0.0
KAZ_2000s,KAZ,2000s,0.2765022962960248,0.5268198902144727,0.6,0.9,0.41666666666666663,3.0,0.2474,0.5,0.0
KAZ_2010s,KAZ,2010s,0.33224245653788537,0.5934398115597845,0.0,0.0,0.12857142857142856,1.0,0.2339,0.0,0.0
KAZ_2020s,KAZ,2020s,0.32070854506900953,0.5299567865435746,0.0,0.2,0.0,1.0,0.259,0.2,0.0
KEN_1990s,KEN,1990s,0.21668193958121404,0.4747387005486263,0.0,0.0,0.12857142857142856,1.0,0.2960909090909091,0.0,0.0
KEN_2000s,KEN,2000s,0.1941267584741443,0.4816613811848168,0.0,0.0,0.12857142857142856,1.0,0.4551,0.0,0.0
KEN_2010s,KEN,2010s,0.2521361882449121,0.5027099213554237,0.8,2.0,0.40185185185185185,0.9444444444444444,0.4925,0.9,3.4531571205928664
KEN_2020s,KEN,2020s,0.2241688589379211,0.5089363055124325,1.2,5.8,0.2033333333333333,1.025,0.5374000000000001,1.0,4.599152113662528
KGZ_1990s,KGZ,1990s,0.11795178340116669,0.320492367947589,0.0,0.0,0.12857142857142856,1.0,0.30179999999999996,0.0,0.0
KGZ_2000s,KGZ,2000s,0.14743310711194246,0.35565507350322056,0.0,0.1,0.0,1.0,0.2985,0.1,0.0
KGZ_2010s,KGZ,2010s,0.16984620008050663,0.40500480738921774,0.0,0.0,0.12857142857142856,1.0,0.4473,0.0,0.0
KGZ_2020s,KGZ,2020s,0.19665915790247207,0.4340558157414014,0.0,0.4,0.0,0.0,0.36879999999999996,0.4,0.0
KHM_1990s,KHM,1990s,0.16627546273999225,0.32312656933076805,0.0,1.6363636363636365,0.0,0.0,0.272,0.9090909090909091,5.973578264268461
KHM_2000s,KHM,2000s,0.15119555035999446,0.36718205157209427,0.0,0.0,0.12857142857142856,1.0,0.318,0.0,0.0
KHM_2010s,KHM,2010s,0.18738289958371915,0.4322633315419754,0.0,2.5,0.0,1.5625,0.2716,0.8,0.0
KHM_2020s,KHM,2020s,0.22055402736857546,0.47048801901974124,0.2,3.0,0.06666666666666667,1.1333333333333333,0.19060000000000002,1.0,0.0
KWT_1990s,KWT,1990s,0.45567053066051033,0.6545031673009162,0.18181818181818182,0.0,1.0,0.0,0.22427272727272723,0.18181818181818182,0.0
KWT_2000s,KWT,2000s,0.3100013106853081,0.6295533160732412,0.0,0.1,0.0,1.0,0.3013,0.1,0.0
KWT_2010s,KWT,2010s,0.34720631219666764,0.6417540449430323,0.2,0.0,1.0,1.0,0.3166,0.2,0.0
KWT_2020s,KWT,2020s,0.38691860341249396,0.6515877724409631,0.0,0.0,0.12857142857142856,1.0,0.28559999999999997,0.0,0.0
LAO_1990s,LAO,1990s,0.17278340227673414,0.35951318696693346,0.0,0.18181818181818182,0.0,0.0,0.09081818181818181,0.18181818181818182,3.2719856501821494
LAO_2000s,LAO,2000s,0.1056836646893412,0.2353461847067703,0.0,0.0,0.12857142857142856,1.0,0.0893,0.0,0.0
LAO_2010s,LAO,2010s,0.13054925984623827,0.22117701031132586,0.0,0.0,0.12857142857142856,1.0,0.10129999999999999,0.0,0.0
LBN_1990s,LBN,1990s,0.2608481612499634,0.5177927796042212,0.0,0.2727272727272727,0.0,0.0,0.31881818181818183,0.18181818181818182,4.861924337564815
LBN_2000s,LBN,2000s,0.2175554165868046,0.5335457989081421,0.0,0.0,0.12857142857142856,1.0,0.39289999999999997,0.0,0.0
LBN_2010s,LBN,2010s,0.2819274890809939,0.5612896900945513,0.0,0.3,0.0,0.0,0.4692,0.3,3.339321977944068
LBN_2020s,LBN,2020s,0.24242496841524958,0.4505553497330467,0.0,0.0,0.12857142857142856,1.0,0.3964,0.0,0.0
LBR_2000s,LBR,2000s,0.08802484097604617,0.24385192184462215,0.1,0.4,0.125,0.0,0.446,0.4,5.593595515621446
LBR_2010s,LBR,2010s,0.0968713284475996,0.2692088529726676,0.0,1.8,0.0,1.8571428571428572,0.6254,0.7,0.0
LBR_2020s,LBR,2020s,0.10708215988973227,0.2670503015196176,0.2,1.4,0.125,1.0,0.6202,0.8,0.0
LBY_1990s,LBY,1990s,0.1637909530782795,0.42274571971649033,0.0,0.0,0.12857142857142856,1.0,0.072,0.0,0.0
LBY_2000s,LBY,2000s,0.18216715021945679,0.45069038874307954,0.0,0.1,0.0,1.0,0.07189999999999999,0.1,0.0
LBY_2010s,LBY,2010s,0.2696610062438147,0.5514823695260006,0.3,1.2,0.25,0.0,0.27690000000000003,0.8,6.698021414577845
LBY_2020s,LBY,2020s,0.22923337836320046,0.5232359742949686,0.0,0.2,0.0,0.0,0.2158,0.2,4.902307417210627
LKA_1990s,LKA,1990s,0.281390831411941,0.4958167869579185,0.8181818181818182,0.45454545454545453,0.7727272727272727,0.0,0.49127272727272725,1.0,8.052788404813398
LKA_2000s,LKA,2000s,0.2947091821688602,0.523429790506092,0.6,0.2,0.75,0.0,0.4476,0.8,7.889346741438428
LKA_2010s,LKA,2010s,0.24582232864089146,0.5425616543043397,0.0,1.3,0.0,1.1333333333333333,0.4907,0.5,0.0
LKA_2020s,LKA,2020s,0.2295175525767789,0.5226737050255339,0.2,3.2,0.06666666666666667,1.1333333333333333,0.603,1.0,0.0
LSO_1990s,LSO,1990s,0.08562693457302925,0.2032601951248956,0.0,0.09090909090909091,0.0,0.0,0.29090909090909095,0.09090909090909091,2.090741096933769
LSO_2000s,LSO,2000s,0.09693942025445519,0.24604476922011514,0.0,0.0,0.12857142857142856,1.0,0.5269999999999999,0.0,0.0
LSO_2010s,LSO,2010s,0.10733559828376368,0.2841307523851651,0.0,0.0,0.12857142857142856,1.0,0.5858,0.0,0.0
LSO_2020s,LSO,2020s,0.09346043220349777,0.2636937747764013,0.0,0.8,0.0,1.0,0.642,0.8,0.0
LTU_1990s,LTU,1990s,0.18502184782692965,0.38102352743815265,0.0,0.0,0.12857142857142856,1.0,0.8156000000000001,0.0,0.0
LTU_2000s,LTU,2000s,0.22565035502197758,0.45171454338174416,1.0,1.3,0.3625,2.0625,0.8222999999999999,0.8,0.0
LTU_2010s,LTU,2010s,0.22235401634647983,0.4723915082103386,0.5,1.2,0.3888888888888889,1.5,0.8295,0.9,0.0
LTU_2020s,LTU,2020s,0.3053174276537467,0.5471085028636021,0.2,1.4,0.125,1.0,0.7942,0.8,0.0
LUX_1990s,LUX,1990s,0.13932345086153602,0.38445553968804647,0.09090909090909091,0.0,1.0,1.0,0.8677272727272727,0.09090909090909091,0.0
LUX_2000s,LUX,2000s,0.14801844144563472,0.40460345860096564,0.4,0.2,0.75,1.5,0.8695999999999999,0.4,0.0
LUX_2010s,LUX,2010s,0.1437984821327924,0.38916481892672367,0.5,0.3,0.7,1.6,0.8731,0.5,0.0
LUX_2020s,LUX,2020s,0.1871568854545193,0.44588220457985067,0.2,1.0,0.16666666666666666,1.0,0.8712,0.6,0.0
LVA_1990s,LVA,1990s,0.14728647915959744,0.3440641715028477,0.0,0.0,0.12857142857142856,1.0,0.7399,0.0,0.0
LVA_2000s,LVA,2000s,0.2181081026774953,0.43553265086221016,1.0,1.1,0.48333333333333334,2.4166666666666665,0.8105,0.6,0.0
LVA_2010s,LVA,2010s,0.22110014244034654,0.44361585140647114,0.5,1.3,0.3888888888888889,1.4444444444444444,0.8265,0.9,0.0
LVA_2020s,LVA,2020s,0.25558920056916556,0.505002907281711,0.2,1.0,0.16666666666666666,1.0,0.8324,0.6,0.0
MAR_1990s,MAR,1990s,0.2969649164346008,0.5518316877145639,0.09090909090909091,0.09090909090909091,0.5,0.5,0.18936363636363637,0.18181818181818182,2.986599789990718
MAR_2000s,MAR,2000s,0.29209874015030335,0.5648312734480737,0.0,0.0,0.12857142857142856,1.0,0.2502,0.0,0.0
MAR_2010s,MAR,2010s,0.35027373382836935,0.5964903636571657,0.4,0.6,0.3888888888888889,1.0833333333333333,0.263,0.6,0.0
MAR_2020s,MAR,2020s,0.33883564346527456,0.6198440637946356,0.0,1.6,0.0,1.4,0.2606,1.0,0.0
MDA_1990s,MDA,1990s,0.11627008888687443,0.2846555502411023,0.0,0.09090909090909091,0.0,0.0,0.5399999999999999,0.09090909090909091,3.9923453942669793
MDA_2000s,MDA,2000s,0.09299502263215041,0.2635737263310468,0.6,0.9,0.41666666666666663,3.0,0.48200000000000004,0.5,0.0
MDA_2010s,MDA,2010s,0.09810198743703169,0.2821871793593508,0.0,0.2,0.0,1.0,0.5897,0.2,0.0
MDA_2020s,MDA,2020s,0.13119584378561136,0.31900062451065675,0.0,0.2,0.0,1.0,0.6994,0.2,0.0
MDG_1990s,MDG,1990s,0.11829722778488513,0.31421064698625656,0.0,0.0,0.12857142857142856,1.0,0.4184545454545454,0.0,0.0
MDG_2000s,MDG,2000s,0.1182128737452431,0.3357201160323312,0.0,0.0,0.12857142857142856,1.0,0.46690000000000004,0.0,0.0
MDG_2010s,MDG,2010s,0.11193265072775938,0.3123615440487137,0.0,1.4,0.0,1.3333333333333333,0.3766,0.5,0.0
MDG_2020s,MDG,2020s,0.1206846747491896,0.33823476409409664,0.0,1.2,0.0,1.6666666666666665,0.4612,0.4,0.0
MEX_1990s,MEX,1990s,0.31144694738482054,0.5924483101037322,0.0,0.18181818181818182,0.0,0.0,0.4808181818181818,0.18181818181818182,2.864794916106515
MEX_2000s,MEX,2000s,0.3075505462435081,0.6091774341400669,0.0,0.0,0.12857142857142856,1.0,0.6780999999999999,0.0,0.0
MEX_2010s,MEX,2010s,0.33123562453745353,0.6429636503225469,0.0,0.4,0.0,1.0,0.6501,0.2,0.0
MEX_2020s,MEX,2020s,0.2985022775753613,0.6842499529452002,0.2,1.6,0.08333333333333333,1.0,0.5831999999999999,0.8,0.0
MKD_1990s,MKD,1990s,0.1740292280546164,0.36397951527106265,0.0,0.0,0.12857142857142856,1.0,0.3987777777777778,0.0,0.0
MKD_2000s,MKD,2000s,0.1637186360111451,0.38671733704908473,0.9,1.1,0.41428571428571426,2.0714285714285716,0.5529,0.7,2.1041341542702074
MKD_2010s,MKD,2010s,0.12905742212971763,0.36099250384612747,0.5,0.3,0.7,1.6,0.4963,0.5,0.0
MKD_2020s,MKD,2020s,0.15530821474285347,0.39721421745367247,0.0,0.0,0.12857142857142856,1.0,0.5738000000000001,0.0,0.0
MLI_1990s,MLI,1990s,0.11966971198273067,0.2987353126635322,0.09090909090909091,0.36363636363636365,0.125,0.5,0.4586363636363636,0.36363636363636365,4.052575149345806
MLI_2000s,MLI,2000s,0.15164476313433348,0.34042221956220126,0.0,0.5,0.0,0.25,0.5972,0.4,3.3568971227655755
MLI_2010s,MLI,2010s,0.18728646723040956,0.40631054488027746,0.0,3.0,0.0,0.25,0.5102,0.8,5.705447753975262
MLI_2020s,MLI,2020s,0.2648661962444395,0.4762761500208722,0.4,4.0,0.1,0.5,0.2632,1.0,6.908355099054105
MLT_1990s,MLT,1990s,0.11137095954201225,0.27945235638189325,0.0,0.0,0.12857142857142856,1.0,0.7663636363636364,0.0,0.0
MLT_2000s,MLT,2000s,0.11744442763797225,0.28913020662292216,0.0,0.0,0.12857142857142856,1.0,0.7915,0.0,0.0
MLT_2010s,MLT,2010s,0.13750932366772867,0.3009441170351165,0.0,0.0,0.12857142857142856,1.0,0.7855000000000001,0.0,0.0
MLT_2020s,MLT,2020s,0.13184409781468637,0.3255846129861289,0.0,0.0,0.12857142857142856,1.0,0.7766,0.0,0.0
MMR_1990s,MMR,1990s,0.30161701541345337,0.45414425674118636,0.18181818181818182,2.727272727272727,0.06818181818181818,0.0,0.09718181818181817,1.0,6.3389152601555185
MMR_2000s,MMR,2000s,0.2852046783758276,0.462535557654213,0.0,2.6,0.0,0.0,0.0961,1.0,5.194622130209272
MMR_2010s,MMR,2010s,0.341320642082134,0.579125955335068,0.0,3.3,0.0,0.0,0.3352,1.0,5.984691662820553
MMR_2020s,MMR,2020s,0.33593145310604966,0.5887125722353691,0.4,5.2,0.05833333333333333,0.0,0.1544,1.0,7.38025578842646
MNE_2000s,MNE,2000s,0.11751416961158694,0.328200760654466,0.0,0.0,0.12857142857142856,1.0,0.4937,0.0,0.0
MNE_2010s,MNE,2010s,0.12220670157516127,0.31970527383486824,0.5,0.3,0.7,1.6,0.49219999999999997,0.5,0.0
MNE_2020s,MNE,2020s,0.14725521221592164,0.34375161223472295,0.0,0.0,0.12857142857142856,1.0,0.5631999999999999,0.0,0.0
MNG_1990s,MNG,1990s,0.1054395570155402,0.2879394911625924,0.0,0.0,0.12857142857142856,1.0,0.6084545454545455,0.0,0.0
MNG_2000s,MNG,2000s,0.11284662937352301,0.2957795175601645,0.6,0.9,0.41666666666666663,3.0,0.6708000000000001,0.5,0.0
MNG_2010s,MNG,2010s,0.15804512432113402,0.3324607452529913,0.5,0.3,0.7,1.6,0.6727000000000001,0.5,0.0
MNG_2020s,MNG,2020s,0.1429749974751348,0.3467231114144858,0.0,0.0,0.12857142857142856,1.0,0.5686,0.0,0.0
MOZ_1990s,MOZ,1990s,0.11881440212501901,0.32784727311435286,0.2727272727272727,0.09090909090909091,0.75,0.0,0.30027272727272725,0.36363636363636365,5.985080576498059
MOZ_2000s,MOZ,2000s,0.11837127724751992,0.33320653697147506,0.0,0.0,0.12857142857142856,1.0,0.4404,0.0,0.0
MOZ_2010s,MOZ,2010s,0.16905411827999872,0.3718728248154327,0.0,0.6,0.0,0.0,0.42210000000000003,0.5,3.8691155044168695
MOZ_2020s,MOZ,2020s,0.19219312042089884,0.43753701418642094,0.0,1.0,0.0,0.0,0.3516,1.0,6.22098770538623
MRT_1990s,MRT,1990s,0.1379570613525012,0.27759512478997456,0.0,0.0,0.12857142857142856,1.0,0.25072727272727274,0.0,0.0
MRT_2000s,MRT,2000s,0.14612420312982544,0.33612762963665804,0.0,0.0,0.12857142857142856,1.0,0.3327,0.0,0.0
MRT_2010s,MRT,2010s,0.171049207124529,0.3688080574307365,0.0,2.5,0.0,1.5625,0.42939999999999995,0.8,1.3609765531356006
MRT_2020s,MRT,2020s,0.1802214075778795,0.3972371638907293,0.2,3.0,0.06666666666666667,1.1333333333333333,0.3762,1.0,0.0
MUS_1990s,MUS,1990s,0.0930526747318346,0.20973761043607472,0.0,0.0,0.12857142857142856,1.0,0.7212727272727272,0.0,0.0
MUS_2000s,MUS,2000s,0.07714819174100591,0.20582197215860892,0.0,0.0,0.12857142857142856,1.0,0.7357,0.0,0.0
MUS_2010s,MUS,2010s,0.09981865488951788,0.21918504457007107,0.0,0.0,0.12857142857142856,1.0,0.7332,0.0,0.0
MUS_2020s,MUS,2020s,0.08768383923633764,0.22152282975414267,0.0,0.0,0.12857142857142856,1.0,0.5094000000000001,0.0,0.0
MWI_1990s,MWI,1990s,0.08500367297464234,0.2076853410550872,0.0,0.0,0.12857142857142856,1.0,0.38027272727272726,0.0,0.0
MWI_2000s,MWI,2000s,0.08546917367092484,0.23659028469482318,0.0,0.0,0.12857142857142856,1.0,0.4638,0.0,0.0
MWI_2010s,MWI,2010s,0.11407101779076015,0.29407007908587834,0.1,2.0,0.05,1.6666666666666665,0.531,0.5,0.0
MWI_2020s,MWI,2020s,0.13848691451797737,0.33737585926705305,0.0,3.6,0.0,1.3666666666666667,0.5763999999999999,1.0,0.0
MYS_1990s,MYS,1990s,0.2955880526512957,0.5506997528295579,0.0,0.0,0.12857142857142856,1.0,0.2589090909090909,0.0,0.0
MYS_2000s,MYS,2000s,0.33001436362427994,0.5876696886572317,0.0,0.0,0.12857142857142856,1.0,0.30300000000000005,0.0,0.0
MYS_2010s,MYS,2010s,0.3141048138279527,0.5956529624324676,0.5,0.5,0.5555555555555555,1.3333333333333333,0.3527,0.6,2.0794415416798357
MYS_2020s,MYS,2020s,0.2937363883190772,0.5940215486035079,0.0,0.0,0.12857142857142856,1.0,0.46740000000000004,0.0,0.0
NAM_1990s,NAM,1990s,0.14116466249923204,0.34648410908519006,0.36363636363636365,0.09090909090909091,0.75,1.75,0.5843636363636363,0.18181818181818182,0.0
NAM_2000s,NAM,2000s,0.18142534007793287,0.37733510411381943,0.2,0.4,0.27777777777777773,1.1666666666666667,0.6569,0.3,0.0
NAM_2010s,NAM,2010s,0.19003377338837518,0.43250246112990387,0.0,0.0,0.12857142857142856,1.0,0.6687000000000001,0.0,0.0
NAM_2020s,NAM,2020s,0.1716752732560724,0.426817472209565,0.0,0.0,0.12857142857142856,1.0,0.6252,0.0,0.0
NER_1990s,NER,1990s,0.09667471548301594,0.2563345951274115,0.09090909090909091,0.45454545454545453,0.1,0.1,0.37636363636363634,0.45454545454545453,3.0226397264739155
NER_2000s,NER,2000s,0.1128552548686148,0.2780950137025099,0.0,0.3,0.0,0.3333333333333333,0.5448000000000001,0.3,2.624668592163159
NER_2010s,NER,2010s,0.15168471624301136,0.3672534881175251,0.6,3.2,0.14404761904761904,1.2083333333333333,0.5487,0.8,4.645351975620923
NER_2020s,NER,2020s,0.2138503299044458,0.4127858625098611,1.8,6.8,0.2096825396825397,0.8388888888888889,0.43920000000000003,1.0,6.284507225801859
NGA_1990s,NGA,1990s,0.20428450959440855,0.43294759607541605,0.2727272727272727,1.0,0.2037037037037037,1.3888888888888888,0.221,0.8181818181818182,0.0
NGA_2000s,NGA,2000s,0.24098654416248425,0.48717592984732283,0.0,0.3,0.0,0.0,0.43170000000000003,0.2,4.036008985209137
NGA_2010s,NGA,2010s,0.2814536149225245,0.5153306480156358,1.4,2.8,0.317989417989418,0.7555555555555555,0.5202,0.9,7.558568906526004
NGA_2020s,NGA,2020s,0.2983494971268016,0.5322007022003649,2.2,5.0,0.3173015873015873,0.6359523809523809,0.4946,1.0,7.528439287808367
NIC_1990s,NIC,1990s,0.12103701245141066,0.29826776915065056,0.0,0.18181818181818182,0.0,0.0,0.6377272727272727,0.18181818181818182,3.958212387897521
NIC_2000s,NIC,2000s,0.11493320576099683,0.29044590979518886,0.2,0.1,0.6666666666666666,3.0,0.5454,0.1,0.0
NIC_2010s,NIC,2010s,0.14916386332585327,0.3251791472645724,0.0,0.0,0.12857142857142856,1.0,0.321,0.0,0.0
NIC_2020s,NIC,2020s,0.11534943552956518,0.3318766059675109,0.0,0.0,0.12857142857142856,1.0,0.1754,0.0,0.0
NLD_1990s,NLD,1990s,0.37475827565332787,0.6834304726899089,0.18181818181818182,0.0,1.0,1.0,0.8599090909090908,0.18181818181818182,0.0
NLD_2000s,NLD,2000s,0.3652211090375271,0.6822587232151016,0.8,1.0,0.4875,1.5208333333333335,0.8624,0.8,0.0
NLD_2010s,NLD,2010s,0.35039004233140664,0.6773690248796491,0.8,1.8,0.39166666666666666,1.3833333333333333,0.8755000000000001,1.0,0.0
NLD_2020s,NLD,2020s,0.3973478976264935,0.702154145013575,0.2,2.6,0.06666666666666667,1.0,0.85,1.0,0.0
NOR_1990s,NOR,1990s,0.3431571624868265,0.6035218671933961,0.18181818181818182,0.0,1.0,1.0,0.8792727272727273,0.18181818181818182,0.0
NOR_2000s,NOR,2000s,0.32976008272875185,0.6116709420761277,0.8,1.0,0.5083333333333333,1.6458333333333335,0.8949999999999999,0.8,0.0
NOR_2010s,NOR,2010s,0.34505212145797426,0.6274481780380902,0.5,2.1,0.25,1.65,0.8955,1.0,0.0
NOR_2020s,NOR,2020s,0.37696240983164614,0.6531445050464316,0.2,1.6,0.1,1.0,0.8902000000000001,1.0,0.0
NPL_1990s,NPL,1990s,0.12393267001667861,0.32960780015733104,0.0,0.36363636363636365,0.0,0.0,0.35954545454545456,0.36363636363636365,3.8187108282864943
NPL_2000s,NPL,2000s,0.1748469737679023,0.3955522201498871,0.4,0.3,0.5714285714285714,0.0,0.3195,0.7,6.849596364808605
NPL_2010s,NPL,2010s,0.1872833674461673,0.433720856705463,0.0,2.4,0.0,1.7857142857142858,0.5612,0.7,0.0
NPL_2020s,NPL,2020s,0.15598056122978157,0.4434432366051687,0.2,5.8,0.02222222222222222,1.4266666666666665,0.6384000000000001,1.0,0.0
NZL_1990s,NZL,1990s,0.28417587718846254,0.5517565369610792,0.0,0.0,0.12857142857142856,1.0,0.8740000000000001,0.0,0.0
NZL_2000s,NZL,2000s,0.2611177513995263,0.5464340210336041,0.4,0.6,0.42857142857142855,1.2857142857142858,0.8811,0.7,0.0
NZL_2010s,NZL,2010s,0.25870084906676005,0.5536564952665385,0.5,0.5,0.5833333333333334,1.5,0.8868,0.6,0.0
NZL_2020s,NZL,2020s,0.3248378174900558,0.5774573464173961,0.0,0.2,0.0,1.0,0.8764,0.2,0.0
OMN_1990s,OMN,1990s,0.29962688455648373,0.5570399769520352,0.09090909090909091,0.0,1.0,1.0,0.015000000000000001,0.09090909090909091,0.0
OMN_2000s,OMN,2000s,0.3238563589964372,0.5916804440099418,0.0,0.0,0.12857142857142856,1.0,0.1391,0.0,0.0
OMN_2010s,OMN,2010s,0.3647694632984302,0.6442600499020659,0.0,0.0,0.12857142857142856,1.0,0.1712,0.0,0.0
OMN_2020s,OMN,2020s,0.2723850609493522,0.6274723980332989,0.0,0.0,0.12857142857142856,1.0,0.1734,0.0,0.0
PAK_1990s,PAK,1990s,0.386206496853287,0.6147520711837227,0.09090909090909091,1.1818181818181819,0.05,0.05,0.37018181818181817,0.9090909090909091,2.9633968929110543
PAK_2000s,PAK,2000s,0.3791215663061283,0.6303824884323525,0.7,2.5,0.1619047619047619,0.5333333333333333,0.3294,1.0,6.956545443151569
PAK_2010s,PAK,2010s,0.40188460673989096,0.656939082168994,1.6,5.4,0.2547222222222222,0.520952380952381,0.4389,1.0,7.579321251508478
PAK_2020s,PAK,2020s,0.4105158189042137,0.6701719884106254,0.4,6.4,0.07333333333333333,0.530952380952381,0.35940000000000005,1.0,6.70294268435265
PAN_1990s,PAN,1990s,0.1328962367402472,0.37040667248462233,0.0,0.18181818181818182,0.0,0.0,0.6315454545454545,0.09090909090909091,2.0794415416798357
PAN_2000s,PAN,2000s,0.0,0.0,0.0,0.0,0.12857142857142856,1.0,0.7363999999999999,0.0,0.0
PAN_2010s,PAN,2010s,0.0,0.0,0.0,0.0,0.12857142857142856,1.0,0.7437,0.0,0.0
PAN_2020s,PAN,2020s,0.0,0.0,0.0,0.0,0.12857142857142856,1.0,0.7262,0.0,0.0
PER_1990s,PER,1990s,0.3065433154779225,0.5483824422147328,0.2727272727272727,1.2727272727272727,0.13636363636363635,0.0,0.39190909090909093,1.0,6.3805846797101164
PER_2000s,PER,2000s,0.2781000572937064,0.5425591702560799,0.0,0.3,0.0,0.0,0.7493000000000001,0.3,2.580216829592325
PER_2010s,PER,2010s,0.29261731260513024,0.5800160620402364,0.0,0.7,0.0,1.0,0.8090999999999999,0.6,1.33500106673234
PER_2020s,PER,2020s,0.27557657877917,0.5779238820017196,0.0,1.6,0.0,1.4,0.7327999999999999,1.0,0.0
PHL_1990s,PHL,1990s,0.2832727731194628,0.5591853992666758,0.18181818181818182,2.1818181818181817,0.11363636363636363,0.0,0.5578181818181819,1.0,6.241869471006048
PHL_2000s,PHL,2000s,0.2541250322563567,0.5699116518384634,0.3,3.1,0.06666666666666667,0.1,0.49770000000000003,1.0,6.589476532552888
PHL_2010s,PHL,2010s,0.3046209060958992,0.5925938933532768,0.1,3.4,0.03333333333333333,0.0,0.495,1.0,6.300051580239659
PHL_2020s,PHL,2020s,0.3530449574224053,0.618207450776601,0.0,2.4,0.0,0.06666666666666667,0.41079999999999994,1.0,5.527045296156147
PNG_1990s,PNG,1990s,0.15052431508423975,0.34898089246192326,0.0,0.5454545454545454,0.0,0.0,0.5426363636363637,0.5454545454545454,3.1930917077124863
PNG_2000s,PNG,2000s,0.10429183689200874,0.29703560681444874,0.0,0.0,0.12857142857142856,1.0,0.5242,0.0,0.0
PNG_2010s,PNG,2010s,0.12192368873608257,0.32372379453675426,0.0,0.0,0.12857142857142856,1.0,0.45570000000000005,0.0,0.0
PNG_2020s,PNG,2020s,0.13921033665587984,0.33076026196088987,0.0,0.0,0.12857142857142856,1.0,0.461,0.0,0.0
POL_1990s,POL,1990s,0.3121105960906779,0.6383123927086198,0.09090909090909091,0.0,1.0,1.0,0.8221818181818182,0.09090909090909091,0.0
POL_2000s,POL,2000s,0.3655286292303671,0.6550128732797524,1.2,1.7,0.41111111111111115,1.6481481481481481,0.8823000000000001,0.9,0.0
POL_2010s,POL,2010s,0.3602670315154927,0.6828293303025192,0.5,0.3,0.7,1.6,0.8131,0.5,0.0
POL_2020s,POL,2020s,0.40271075927177247,0.7256164867529573,0.0,0.0,0.12857142857142856,1.0,0.6218,0.0,0.0
PRT_1990s,PRT,1990s,0.29734042204337646,0.5762539494841153,0.18181818181818182,0.0,1.0,1.0,0.8643636363636363,0.18181818181818182,0.0
PRT_2000s,PRT,2000s,0.29791847527349263,0.5887392406971215,0.7,0.7,0.6222222222222222,1.777777777777778,0.883,0.6,0.0
PRT_2010s,PRT,2010s,0.286943389693122,0.5927912751125308,0.5,1.9,0.35,1.5166666666666666,0.8893000000000001,1.0,0.0
PRT_2020s,PRT,2020s,0.27760639002171017,0.5964809392004204,0.2,3.0,0.06666666666666667,1.1333333333333333,0.8614,1.0,0.0
PRY_1990s,PRY,1990s,0.15636253057876537,0.40472371066818585,0.0,0.09090909090909091,0.0,0.0,0.4656363636363636,0.09090909090909091,2.6835090921860925
PRY_2000s,PRY,2000s,0.14177443929441777,0.3754024573402328,0.0,0.0,0.12857142857142856,1.0,0.5816,0.0,0.0
PRY_2010s,PRY,2010s,0.16271225523836308,0.41887416230314994,0.0,0.2,0.0,1.0,0.6003000000000001,0.2,0.0
PRY_2020s,PRY,2020s,0.15905044628231133,0.43113024461395,0.0,0.2,0.0,1.0,0.5782,0.2,0.0
QAT_1990s,QAT,1990s,0.29935453214781393,0.5571297237280541,0.09090909090909091,0.0,1.0,1.0,0.016727272727272726,0.09090909090909091,0.0
QAT_2000s,QAT,2000s,0.22035846611673102,0.5408498756501005,0.0,0.0,0.12857142857142856,1.0,0.0344,0.0,0.0
QAT_2010s,QAT,2010s,0.28106729629245275,0.5599141786015495,0.3,0.0,1.0,1.0,0.0412,0.3,0.0
QAT_2020s,QAT,2020s,0.44402060068840676,0.6895254999256328,0.0,0.0,0.12857142857142856,1.0,0.0774,0.0,0.0
ROU_1990s,ROU,1990s,0.327296381581496,0.5918228467517376,0.0,0.18181818181818182,0.0,0.0,0.5382727272727273,0.09090909090909091,3.1627863582171574
ROU_2000s,ROU,2000s,0.3048860997008586,0.5720876717820341,1.1,1.9,0.3041666666666667,1.625,0.6123000000000001,0.8,0.0
ROU_2010s,ROU,2010s,0.2914683022785398,0.5891100724773424,0.5,2.1,0.3333333333333333,1.45,0.6972,1.0,0.0
ROU_2020s,ROU,2020s,0.3537398473980783,0.6339036355916818,0.2,3.0,0.06666666666666667,1.1333333333333333,0.7134,1.0,0.0
RUS_1990s,RUS,1990s,0.3461477496755208,0.7687056232889209,0.6363636363636364,1.0,0.3625,0.875,0.4028181818181818,0.7272727272727273,6.919144717836868
RUS_2000s,RUS,2000s,0.30427451550012535,0.7524052621785314,0.3,0.9,0.3,0.05,0.33599999999999997,1.0,6.785135565434226
RUS_2010s,RUS,2010s,0.3824652059334419,0.7980377847986093,1.3,2.2,0.2578571428571429,0.575,0.2735,1.0,5.327876168789581
RUS_2020s,RUS,2020s,0.37219211103601424,0.8238404888852164,1.4,4.4,0.2311111111111111,0.86,0.21339999999999998,1.0,3.751854253275325
RWA_1990s,RWA,1990s,0.1524969008053241,0.3294614870798482,0.7272727272727273,0.45454545454545453,0.5555555555555556,0.2222222222222222,0.16672727272727272,0.8181818181818182,6.33971776401048
RWA_2000s,RWA,2000s,0.1440095415332099,0.31624109737926087,0.2,0.4,0.375,0.25,0.16970000000000002,0.4,6.015913227510292
RWA_2010s,RWA,2010s,0.15288643976679853,0.3312044283086477,0.1,2.3,0.02,0.9333333333333332,0.22269999999999998,1.0,4.355425952876702
RWA_2020s,RWA,2020s,0.1822833618646754,0.36948256990308925,0.0,4.2,0.0,0.96,0.217,1.0,4.219507705176107
SAU_1990s,SAU,1990s,0.4690135980254345,0.739517946594976,0.09090909090909091,0.0,1.0,1.0,0.01490909090909091,0.09090909090909091,0.0
SAU_2000s,SAU,2000s,0.4260607568423206,0.7697364650317312,0.0,0.4,0.0,1.0,0.0184,0.4,0.0
SAU_2010s,SAU,2010s,0.48487121688203044,0.8112396421315495,0.9,0.1,0.9166666666666666,1.0,0.017,0.6,0.0
SAU_2020s,SAU,2020s,0.4746124892212088,0.8081816592042778,0.6,0.4,0.6,1.0,0.014599999999999998,1.0,0.0
SDN_1990s,SDN,1990s,0.33725713677898356,0.6212651057107856,0.8181818181818182,0.5454545454545454,0.6363636363636364,0.0,0.11636363636363636,1.0,7.751475318021456
SDN_2000s,SDN,2000s,0.4285969388074046,0.6965679928158505,0.5,2.0,0.26666666666666666,0.15,0.1826,1.0,7.370734293290908
SDN_2010s,SDN,2010s,0.3796453333950197,0.6752187591930815,0.8,2.5,0.3083333333333333,0.3833333333333333,0.2145,1.0,6.68748260275961
SDN_2020s,SDN,2020s,0.22256236399773857,0.5902834481401159,1.0,1.0,0.5666666666666667,0.4,0.1528,1.0,7.617267813628347
SEN_1990s,SEN,1990s,0.12902027817118816,0.34857037805606333,0.09090909090909091,0.7272727272727273,0.125,0.3125,0.5890909090909091,0.7272727272727273,4.724971385800712
SEN_2000s,SEN,2000s,0.15916893713904307,0.3688471592743416,0.0,0.3,0.0,0.0,0.672,0.3,2.5572273113676265
SEN_2010s,SEN,2010s,0.20286956262998915,0.40949393331895223,0.0,2.5,0.0,1.5625,0.705,0.8,1.252762968495368
SEN_2020s,SEN,2020s,0.25080502530002524,0.446039978827505,0.2,3.0,0.06666666666666667,1.1333333333333333,0.6716,1.0,0.0
SGP_1990s,SGP,1990s,0.37007392463870264,0.6261302988822123,0.0,0.0,0.12857142857142856,1.0,0.3645454545454545,0.0,0.0
SGP_2000s,SGP,2000s,0.3859938672720425,0.6635107097345813,0.1,0.1,0.5,2.0,0.3809,0.1,0.0
SGP_2010s,SGP,2010s,0.38844080848332463,0.6728402380680446,0.4,0.3,0.625,1.75,0.4117,0.4,0.0
SGP_2020s,SGP,2020s,0.38385342299488123,0.6849992252978658,0.0,0.2,0.0,1.0,0.403,0.2,0.0
SLE_1990s,SLE,1990s,0.11197027976869149,0.23673101009463018,0.36363636363636365,1.0,0.25925925925925924,0.05555555555555555,0.2030909090909091,0.8181818181818182,6.912652359594838
SLE_2000s,SLE,2000s,0.09770625734771717,0.2589541163049594,0.0,0.3,0.0,0.0,0.46950000000000003,0.2,3.784189633918261
SLE_2010s,SLE,2010s,0.10227453915602895,0.26852525222282647,0.7,1.9,0.35416666666666663,1.3958333333333333,0.5214000000000001,0.8,0.0
SLE_2020s,SLE,2020s,0.09685712885534264,0.278024580573608,1.2,1.6,0.5,1.0,0.5352,1.0,0.0
SLV_1990s,SLV,1990s,0.1736863332249004,0.41322274590698793,0.09090909090909091,0.18181818181818182,0.3333333333333333,0.0,0.38436363636363635,0.2727272727272727,6.280055297495981
SLV_2000s,SLV,2000s,0.15711238279625872,0.39108246393577056,0.7,0.9,0.5138888888888888,2.6666666666666665,0.5489,0.6,0.0
SLV_2010s,SLV,2010s,0.16758400802729548,0.4100916273896341,0.4,1.4,0.3333333333333333,1.4444444444444444,0.6351,0.9,0.0
SLV_2020s,SLV,2020s,0.1894200746667729,0.43939108559725665,0.2,1.4,0.125,1.0,0.4022,0.8,0.0
SRB_1990s,SRB,1990s,0.22803815740118755,0.5259278532703042,0.5454545454545454,0.6363636363636364,0.6133333333333333,0.5666666666666667,0.25363636363636366,0.45454545454545453,6.2720190056355305
SRB_2000s,SRB,2000s,0.20212162020021185,0.5246201616376445,0.0,0.0,0.12857142857142856,1.0,0.5984,0.0,0.0
SRB_2010s,SRB,2010s,0.22162079157388312,0.5126874580000752,0.0,0.6,0.0,1.2,0.46799999999999997,0.5,0.0
SRB_2020s,SRB,2020s,0.3203735939588244,0.5465152657640763,0.0,1.6,0.0,1.4,0.34340000000000004,1.0,0.0
SSD_2000s,SSD,2000s,0.18873348798601797,0.36911278572909056,0.0,0.0,0.12857142857142856,1.0,0.4992,0.0,0.0
SSD_2010s,SSD,2010s,0.19209781537760953,0.3140550166574073,0.1,1.6,0.05555555555555555,0.19444444444444445,0.16833333333333333,0.9,6.273631438871653
SVK_1990s,SVK,1990s,0.2548662218062772,0.5345085470809704,0.0,0.0,0.12857142857142856,1.0,0.7384285714285713,0.0,0.0
SVK_2000s,SVK,2000s,0.2100055582469687,0.5311952347996115,1.0,1.4,0.38571428571428573,1.8333333333333335,0.8402,0.7,0.0
SVK_2010s,SVK,2010s,0.2198025785730044,0.5225602820469436,0.5,0.3,0.7,1.6,0.8379,0.5,0.0
SVK_2020s,SVK,2020s,0.26552030104382174,0.5630187409893926,0.0,0.0,0.12857142857142856,1.0,0.8148,0.0,0.0
SVN_1990s,SVN,1990s,0.2265366402781969,0.4510221128083705,0.0,0.09090909090909091,0.0,1.0,0.7661818181818181,0.09090909090909091,0.0
SVN_2000s,SVN,2000s,0.2101203496672437,0.47044236674994966,0.4,0.2,0.75,1.5,0.835,0.4,0.0
SVN_2010s,SVN,2010s,0.17987019404234064,0.4609369095317787,0.5,0.3,0.7,1.6,0.8519,0.5,0.0
SVN_2020s,SVN,2020s,0.21081144696285548,0.4860785256502852,0.0,0.0,0.12857142857142856,1.0,0.752,0.0,0.0
SWE_1990s,SWE,1990s,0.3401438956865954,0.6316849741494955,0.0,0.0,0.12857142857142856,1.0,0.9112727272727273,0.0,0.0
SWE_2000s,SWE,2000s,0.3232589513434697,0.6247546310099846,0.4,0.2,0.75,1.5,0.9115,0.4,0.0
SWE_2010s,SWE,2010s,0.2992959002240429,0.6226761918760587,0.5,2.5,0.25,1.6666666666666667,0.9126000000000001,1.0,0.0
SWE_2020s,SWE,2020s,0.32846739221470755,0.652390819451226,0.2,2.4,0.08333333333333333,1.1666666666666665,0.8914,0.8,0.0
SWZ_1990s,SWZ,1990s,0.08750234579793482,0.24448588382799674,0.0,0.0,0.12857142857142856,1.0,0.12000000000000001,0.0,0.0
SWZ_2000s,SWZ,2000s,0.10519998322120865,0.2847771636570695,0.0,0.0,0.12857142857142856,1.0,0.12589999999999998,0.0,0.0
SWZ_2010s,SWZ,2010s,0.11241486642905456,0.31796368830053195,0.0,0.0,0.12857142857142856,1.0,0.1295,0.0,0.0
SWZ_2020s,SWZ,2020s,0.11800128519363229,0.31835924731431553,0.0,0.0,0.12857142857142856,1.0,0.1238,0.0,0.0
SYC_1990s,SYC,1990s,0.07746697771108797,0.2079754112460108,0.0,0.0,0.12857142857142856,1.0,0.31154545454545457,0.0,0.0
SYC_2000s,SYC,2000s,0.07668324265834048,0.19551438302840388,0.0,0.0,0.12857142857142856,1.0,0.4244,0.0,0.0
SYC_2010s,SYC,2010s,0.10492501715781435,0.21349632273261573,0.0,0.0,0.12857142857142856,1.0,0.5347999999999999,0.0,0.0
SYC_2020s,SYC,2020s,0.10173032956543544,0.24476589212036942,0.0,0.0,0.12857142857142856,1.0,0.7154,0.0,0.0
TCD_1990s,TCD,1990s,0.12919868206119428,0.2857238791211899,0.5454545454545454,2.4545454545454546,0.16481481481481483,0.4444444444444444,0.1929090909090909,0.8181818181818182,5.747074144289504
TCD_2000s,TCD,2000s,0.17565875260830027,0.3691565592783436,0.1,1.3,0.03333333333333333,0.2,0.27590000000000003,1.0,6.015425184552825
TCD_2010s,TCD,2010s,0.2094708087281571,0.4393651490698607,0.6,3.6,0.12098765432098764,1.0666666666666667,0.2752,0.9,4.212127597878484
TCD_2020s,TCD,2020s,0.2195188787658829,0.4364873317199126,0.8,4.4,0.12,0.7933333333333333,0.188,1.0,5.053694783556702
TGO_1990s,TGO,1990s,0.13776668479200913,0.3095553565113321,0.0,0.0,0.12857142857142856,1.0,0.2726363636363636,0.0,0.0
TGO_2000s,TGO,2000s,0.10151735529584305,0.2881281746837382,0.0,0.0,0.12857142857142856,1.0,0.3396,0.0,0.0
TGO_2010s,TGO,2010s,0.12813814569454562,0.3266791748996896,0.0,2.3,0.0,1.8571428571428572,0.4347,0.7,0.0
TGO_2020s,TGO,2020s,0.19042296986112417,0.39731731034054485,0.4,3.8,0.08,0.9366666666666668,0.3916,1.0,3.126760535960395
THA_1990s,THA,1990s,0.3590301806829748,0.6070752889891018,0.0,0.0,0.12857142857142856,1.0,0.3926363636363636,0.0,0.0
THA_2000s,THA,2000s,0.31109298764849447,0.5897543272035135,0.0,0.7,0.0,0.0,0.44000000000000006,0.7,4.6839813664123815
THA_2010s,THA,2010s,0.3538807214933069,0.6267982438116109,0.0,1.3,0.0,0.1,0.2826,1.0,4.4520190064939165
THA_2020s,THA,2020s,0.3454873131420016,0.6302211018178907,0.0,1.0,0.0,0.0,0.266,1.0,3.6000482404073204
TJK_1990s,TJK,1990s,0.09935039190658865,0.24559539832796928,0.2727272727272727,0.5454545454545454,0.35714285714285715,0.0,0.21869999999999998,0.6363636363636364,6.702853422547718
TJK_2000s,TJK,2000s,0.10415023756836025,0.25706736052213613,0.0,0.1,0.0,0.0,0.2352,0.1,1.7227665977411035
TJK_2010s,TJK,2010s,0.1348774037939977,0.3193436678828479,0.0,1.1,0.0,1.0,0.1933,0.6,3.1654750481410856
TJK_2020s,TJK,2020s,0.13763411117424246,0.3681259618057215,0.0,0.4,0.0,0.0,0.16740000000000002,0.4,0.0
TKM_1990s,TKM,1990s,0.13708315851207703,0.36847342237861835,0.0,0.0,0.12857142857142856,1.0,0.1507777777777778,0.0,0.0
TLS_2000s,TLS,2000s,0.10515427918714448,0.271031295315519,0.0,0.0,0.12857142857142856,1.0,0.5203,0.0,0.0
TLS_2010s,TLS,2010s,0.10938669101394627,0.2640248540553522,0.0,0.0,0.12857142857142856,1.0,0.6549,0.0,0.0
TLS_2020s,TLS,2020s,0.09984394634162677,0.28091674926273097,0.0,0.0,0.12857142857142856,1.0,0.7058,0.0,0.0
TTO_1990s,TTO,1990s,0.11274947399643356,0.3195409239711713,0.0,0.09090909090909091,0.0,0.0,0.7672727272727272,0.09090909090909091,1.5141277326297755
TTO_2000s,TTO,2000s,0.1345673496688866,0.35988936599070476,0.0,0.0,0.12857142857142856,1.0,0.7791,0.0,0.0
TTO_2010s,TTO,2010s,0.17489784983435716,0.3913242179417265,0.0,0.0,0.12857142857142856,1.0,0.7905,0.0,0.0
TTO_2020s,TTO,2020s,0.15356087862753576,0.3913051727032693,0.0,0.0,0.12857142857142856,1.0,0.7816000000000001,0.0,0.0
TUN_1990s,TUN,1990s,0.22510617126972024,0.4261989812792981,0.0,0.0,0.12857142857142856,1.0,0.18509090909090908,0.0,0.0
TUN_2000s,TUN,2000s,0.18591526075099457,0.4467767682556376,0.0,0.0,0.12857142857142856,1.0,0.1902,0.0,0.0
TUN_2010s,TUN,2010s,0.2471666305451909,0.4912548734949141,0.0,2.3,0.0,0.8809523809523808,0.6428,0.7,3.086486636822455
TUN_2020s,TUN,2020s,0.2692965620501274,0.519555912494699,0.2,3.0,0.06666666666666667,1.1333333333333333,0.4768,1.0,0.0
TUR_1990s,TUR,1990s,0.417433605703674,0.6585681833339546,0.9090909090909091,0.5454545454545454,0.6666666666666666,0.07575757575757575,0.5331818181818182,1.0,7.712484490465917
TUR_2000s,TUR,2000s,0.39376596660138685,0.6693289854128542,0.5,1.5,0.21666666666666665,0.4,0.6122,1.0,5.493472881322077
TUR_2010s,TUR,2010s,0.39822378563968774,0.6832825848811691,0.7,2.5,0.2833333333333333,0.7133333333333333,0.40199999999999997,1.0,6.726113491092939
TUR_2020s,TUR,2020s,0.3869003480168986,0.7128037700874529,1.0,3.4,0.24,0.76,0.28759999999999997,1.0,6.096274911460327
TZA_1990s,TZA,1990s,0.147411686820029,0.3660415354577138,0.0,0.0,0.12857142857142856,1.0,0.40854545454545454,0.0,0.0
TZA_2000s,TZA,2000s,0.17117495350995562,0.38649005955534316,0.0,0.0,0.12857142857142856,1.0,0.45220000000000005,0.0,0.0
TZA_2010s,TZA,2010s,0.2216862833202816,0.44756531751269985,0.1,2.6,0.041666666666666664,1.4583333333333333,0.43870000000000003,0.6,0.0
TZA_2020s,TZA,2020s,0.1992678594904807,0.48367615941331954,0.0,7.0,0.0,1.5166666666666666,0.3936,1.0,1.791759469228055
UGA_1990s,UGA,1990s,0.16559349753851424,0.3712195392786613,0.36363636363636365,1.7272727272727273,0.11666666666666665,0.25,0.266,0.9090909090909091,6.360831335043668
UGA_2000s,UGA,2000s,0.196034358536557,0.4132030315105054,0.2,1.2,0.15,0.05,0.2931,1.0,6.258242135442253
UGA_2010s,UGA,2010s,0.23136953660871695,0.445300375072227,0.8,1.4,0.4333333333333333,0.5833333333333333,0.3014,1.0,5.147494476813453
UGA_2020s,UGA,2020s,0.24491812935660198,0.503887513289748,1.0,1.8,0.5,1.05,0.2696,1.0,1.791759469228055
UKR_1990s,UKR,1990s,0.18629406607414026,0.5246747875589282,0.0,0.0,0.12857142857142856,1.0,0.4891,0.0,0.0
UKR_2000s,UKR,2000s,0.20011478802089674,0.5652289139363464,0.5,0.5,0.5,2.5,0.47829999999999995,0.4,0.0
UKR_2010s,UKR,2010s,0.25022716441555193,0.6036631155657972,0.9,1.6,0.36333333333333334,0.7866666666666667,0.4563,1.0,6.744412480785964
UKR_2020s,UKR,2020s,0.4378787093992937,0.7270345233167322,0.6,3.0,0.425,0.5666666666666667,0.4516,1.0,4.504244267398131
URY_1990s,URY,1990s,0.26001408719130303,0.5052020998813125,0.0,0.0,0.12857142857142856,1.0,0.8514545454545455,0.0,0.0
URY_2000s,URY,2000s,0.2242149603032757,0.4949365240918895,0.0,0.0,0.12857142857142856,1.0,0.8826,0.0,0.0
URY_2010s,URY,2010s,0.20985855092490344,0.5148017293680559,0.0,0.0,0.12857142857142856,1.0,0.9031,0.0,0.0
URY_2020s,URY,2020s,0.2342141424526031,0.5290486655041902,0.0,0.0,0.12857142857142856,1.0,0.8432000000000001,0.0,0.0
USA_1990s,USA,1990s,0.5042355537305789,0.9648408519462297,0.18181818181818182,0.09090909090909091,0.6666666666666666,0.6666666666666666,0.8674545454545455,0.2727272727272727,0.0
USA_2000s,USA,2000s,0.5061820997449746,0.9784287783816463,1.5,2.3,0.39814814814814814,1.0,0.8661,0.9,6.049733455231958
USA_2010s,USA,2010s,0.5093042322897452,0.9888348791488385,2.7,4.8,0.37596320346320344,1.0575757575757576,0.8759,1.0,4.863680881139593
USA_2020s,USA,2020s,0.5158440820024552,0.991916333061462,1.6,6.4,0.20272727272727273,1.02,0.8337999999999999,1.0,0.0
UZB_1990s,UZB,1990s,0.09111449429900116,0.2631524862048157,0.18181818181818182,0.2727272727272727,0.375,1.0,0.183,0.36363636363636365,1.9588135538912212
UZB_2000s,UZB,2000s,0.12380660082279553,0.27582613349122415,0.0,0.2,0.0,0.0,0.15889999999999999,0.2,3.9473901492654373
UZB_2010s,UZB,2010s,0.309825235621252,0.539125167961085,0.0,0.0,0.12857142857142856,1.0,0.17370000000000002,0.0,0.0
VNM_1990s,VNM,1990s,0.24474215358001702,0.5192545875716282,0.0,0.2727272727272727,0.0,3.0,0.1531818181818182,0.09090909090909091,0.0
VNM_2000s,VNM,2000s,0.30609649931350497,0.5681171537744883,0.0,0.0,0.12857142857142856,1.0,0.1486,0.0,0.0
VNM_2010s,VNM,2010s,0.3783708065049975,0.6305784201171443,0.0,0.1,0.0,1.0,0.1561,0.1,0.0
VNM_2020s,VNM,2020s,0.33217709622957675,0.647082082191542,0.0,0.2,0.0,1.0,0.1678,0.2,0.0
XKX_2000s,XKX,2000s,0.05255402908088505,0.1510268407973896,0.0,0.0,0.12857142857142856,1.0,0.4992,0.0,0.0
XKX_2010s,XKX,2010s,0.1075048145626524,0.2961292103615998,0.0,0.0,0.12857142857142856,1.0,0.4992,0.0,0.0
XKX_2020s,XKX,2020s,0.15566035919802895,0.34336726828561825,0.0,0.0,0.12857142857142856,1.0,0.4992,0.0,0.0
ZAF_1990s,ZAF,1990s,0.289439736901639,0.5818113595765175,0.0,0.18181818181818182,0.0,0.5,0.4485454545454546,0.18181818181818182,3.520998581474776
ZAF_2000s,ZAF,2000s,0.28829429324914924,0.5793897151378747,0.0,0.0,0.12857142857142856,1.0,0.7622,0.0,0.0
ZAF_2010s,ZAF,2010s,0.25698991448529973,0.5905491764843405,0.1,2.1,0.04,1.65,0.7576,0.5,0.0
ZAF_2020s,ZAF,2020s,0.2367279798057857,0.584461039037369,0.0,5.2,0.0,1.6333333333333335,0.7215999999999999,1.0,0.0
ZMB_1990s,ZMB,1990s,0.13798095736761615,0.3631882608146232,0.0,0.0,0.12857142857142856,1.0,0.40645454545454546,0.0,0.0
ZMB_2000s,ZMB,2000s,0.1581344168213711,0.3765076962960398,0.0,0.0,0.12857142857142856,1.0,0.495,0.0,0.0
ZMB_2010s,ZMB,2010s,0.1885714410579886,0.40744721809963824,0.2,0.6,0.16666666666666666,1.1,0.4426,0.5,0.0
ZMB_2020s,ZMB,2020s,0.18165402448392806,0.4074028828895326,1.0,3.2,0.25666666666666665,1.09,0.4662,1.0,0.0
ZWE_1990s,ZWE,1990s,0.11686489503039214,0.2500867523973918,0.45454545454545453,0.09090909090909091,0.875,1.5,0.3092727272727273,0.36363636363636365,0.0
ZWE_2000s,ZWE,2000s,0.1612624447867919,0.29280089119575853,0.0,0.3,0.0,1.5,0.262,0.2,0.0
ZWE_2010s,ZWE,2010s,0.10558934847221188,0.30488428363668413,0.1,0.0,1.0,1.0,0.2905,0.1,0.0
ZWE_2020s,ZWE,2020s,0.1342688384553084,0.34413533349446757,0.0,0.2,0.0,1.0,0.2912,0.2,0.0
