iso3,β,SE,p,N
AFG,2.0297,0.5915,0.0006,4896
AGO,1.8386,0.5597,0.001,4861
ALB,2.0413,0.5952,0.0006,4861
AND,2.0297,0.5915,0.0006,4896
ARE,2.0316,0.5921,0.0006,4878
ARG,2.0423,0.5944,0.0006,4861
ARM,2.043,0.5969,0.0006,4864
ATG,2.0297,0.5915,0.0006,4896
AUS,2.0333,0.5925,0.0006,4861
AUT,2.0394,0.5947,0.0006,4861
AZE,1.8613,0.5425,0.0006,4863
BDI,2.0132,0.5858,0.0006,4864
BEL,2.0438,0.5942,0.0006,4861
BEN,2.0096,0.5942,0.0007,4873
BFA,1.9125,0.5959,0.0013,4861
BGD,2.0387,0.5924,0.0006,4861
BGR,2.0818,0.5992,0.0005,4861
BHR,2.0451,0.5967,0.0006,4861
BHS,2.0297,0.5915,0.0006,4896
BIH,2.0303,0.592,0.0006,4873
BLR,2.0662,0.5984,0.0006,4863
BLZ,2.0297,0.5915,0.0006,4896
BOL,2.0425,0.5951,0.0006,4861
BRA,2.03,0.5919,0.0006,4861
BRB,2.0297,0.5915,0.0006,4896
BRN,2.0297,0.5915,0.0006,4896
BTN,2.0297,0.5915,0.0006,4896
BWA,2.0409,0.595,0.0006,4861
CAF,1.959,0.5874,0.0009,4868
CAN,2.0319,0.5922,0.0006,4861
CHE,2.062,0.5987,0.0006,4861
CHL,2.0353,0.5934,0.0006,4861
CHN,2.0207,0.5914,0.0006,4861
CIV,2.0213,0.5963,0.0007,4867
CMR,2.0654,0.597,0.0005,4861
COD,1.951,0.5902,0.001,4865
COG,2.0468,0.592,0.0005,4874
COL,2.0553,0.589,0.0005,4861
COM,2.0297,0.5915,0.0006,4896
CPV,2.0297,0.5915,0.0006,4896
CRI,2.0328,0.5926,0.0006,4861
CUB,2.0297,0.5915,0.0006,4896
CYP,2.0533,0.5972,0.0006,4861
CZE,2.0559,0.5966,0.0006,4861
DEU,2.038,0.5927,0.0006,4861
DJI,2.0217,0.5986,0.0007,4877
DMA,2.0297,0.5915,0.0006,4896
DNK,2.0353,0.593,0.0006,4861
DOM,2.0332,0.5941,0.0006,4861
DZA,2.1364,0.5894,0.0003,4861
ECU,2.0586,0.5981,0.0006,4861
EGY,2.0197,0.5943,0.0007,4861
ERI,2.0297,0.5915,0.0006,4896
ESP,2.0375,0.5893,0.0006,4861
EST,2.0321,0.5921,0.0006,4864
ETH,2.0935,0.5812,0.0003,4861
FIN,2.039,0.5943,0.0006,4861
FJI,2.0325,0.5928,0.0006,4861
FRA,2.0366,0.5935,0.0006,4861
GAB,2.0334,0.5924,0.0006,4874
GBR,2.0247,0.5823,0.0005,4861
GEO,1.9788,0.5867,0.0008,4867
GHA,2.0376,0.5963,0.0006,4861
GIN,1.9691,0.5961,0.001,4871
GMB,2.0374,0.5937,0.0006,4865
GNB,2.0481,0.5909,0.0005,4870
GNQ,2.0322,0.5918,0.0006,4880
GRC,2.0395,0.5935,0.0006,4861
GRD,2.0297,0.5915,0.0006,4896
GTM,2.0208,0.5937,0.0007,4861
GUY,2.0286,0.5929,0.0006,4864
HND,2.0408,0.5935,0.0006,4868
HRV,1.9774,0.6149,0.0013,4863
HTI,2.0337,0.5902,0.0006,4878
HUN,2.059,0.599,0.0006,4861
IDN,2.0829,0.5927,0.0004,4861
IND,2.0329,0.5915,0.0006,4861
IRL,2.0469,0.5956,0.0006,4861
IRN,1.9552,0.5823,0.0008,4861
IRQ,1.9953,0.5932,0.0008,4875
ISL,2.0328,0.5926,0.0006,4861
ISR,1.984,0.5886,0.0008,4861
ITA,2.0308,0.5932,0.0006,4861
JAM,2.0383,0.5952,0.0006,4861
JOR,2.037,0.5929,0.0006,4861
JPN,2.0345,0.5925,0.0006,4861
KAZ,2.0376,0.5942,0.0006,4864
KEN,2.0784,0.586,0.0004,4861
KGZ,2.036,0.5939,0.0006,4863
KHM,2.0133,0.5871,0.0006,4861
KIR,2.0297,0.5915,0.0006,4896
KOR,2.0297,0.5915,0.0006,4896
KWT,2.1574,0.6024,0.0003,4861
LAO,2.0497,0.5962,0.0006,4874
LBN,2.0112,0.6044,0.0009,4862
LBR,2.0191,0.5896,0.0006,4875
LBY,2.0298,0.6,0.0007,4879
LIE,2.0297,0.5915,0.0006,4896
LKA,1.8185,0.5592,0.0012,4861
LSO,1.9992,0.5882,0.0007,4861
LTU,2.0427,0.5931,0.0006,4866
LUX,2.0352,0.5934,0.0006,4861
LVA,2.0301,0.5924,0.0006,4866
MAR,2.0305,0.5987,0.0007,4861
MCO,2.0297,0.5915,0.0006,4896
MDA,2.0258,0.5912,0.0006,4864
MDG,2.029,0.5917,0.0006,4861
MDV,2.0297,0.5915,0.0006,4896
MEX,2.0331,0.5916,0.0006,4861
MHL,2.0297,0.5915,0.0006,4896
MKD,1.9533,0.5899,0.0009,4867
MLI,1.9104,0.5723,0.0008,4863
MLT,2.0352,0.5935,0.0006,4861
MMR,2.0536,0.5919,0.0005,4867
MNE,2.032,0.5919,0.0006,4876
MNG,2.0343,0.5936,0.0006,4861
MOZ,1.9056,0.5787,0.001,4862
MRT,2.0418,0.5951,0.0006,4864
MUS,2.0401,0.5946,0.0006,4861
MWI,2.0413,0.5944,0.0006,4861
MYS,2.0355,0.5958,0.0006,4861
NAM,2.0412,0.5959,0.0006,4861
NER,1.9467,0.5904,0.001,4868
NGA,1.9231,0.6092,0.0016,4861
NIC,2.0613,0.5934,0.0005,4861
NLD,2.0348,0.5929,0.0006,4861
NOR,2.0422,0.5948,0.0006,4861
NPL,2.0041,0.6056,0.0009,4861
NRU,2.0297,0.5915,0.0006,4896
NZL,2.0468,0.5962,0.0006,4861
OMN,2.0533,0.5987,0.0006,4861
PAK,2.0606,0.6014,0.0006,4861
PAN,2.1163,0.5937,0.0004,4861
PER,2.0105,0.6041,0.0009,4861
PHL,2.0793,0.5956,0.0005,4861
PLW,2.0297,0.5915,0.0006,4896
PNG,2.0054,0.595,0.0008,4861
POL,2.0397,0.594,0.0006,4861
PRK,2.0297,0.5915,0.0006,4896
PRT,2.0472,0.597,0.0006,4861
PRY,2.0413,0.5902,0.0005,4861
PSE,2.0297,0.5915,0.0006,4896
QAT,2.0644,0.6012,0.0006,4883
ROU,2.0732,0.588,0.0004,4861
RUS,1.8875,0.6196,0.0023,4862
RWA,2.0634,0.6065,0.0007,4861
SAU,2.0392,0.5929,0.0006,4861
SDN,2.033,0.5997,0.0007,4869
SEN,2.0592,0.5749,0.0003,4861
SGP,2.0332,0.5931,0.0006,4861
SLB,2.0297,0.5915,0.0006,4896
SLE,1.9656,0.5881,0.0008,4861
SLV,2.0503,0.592,0.0005,4861
SMR,2.0297,0.5915,0.0006,4896
SOM,2.0297,0.5915,0.0006,4896
SRB,2.0702,0.6032,0.0006,4867
SSD,2.0033,0.591,0.0007,4891
STP,2.0297,0.5915,0.0006,4896
SUR,2.0297,0.5915,0.0006,4896
SVK,2.0538,0.6005,0.0006,4864
SVN,2.0386,0.5951,0.0006,4863
SWE,2.0425,0.5954,0.0006,4861
SWZ,2.0303,0.5919,0.0006,4861
SYC,2.0368,0.5939,0.0006,4861
SYR,2.0297,0.5915,0.0006,4896
TCD,2.0748,0.5657,0.0002,4863
TGO,1.9957,0.5958,0.0008,4870
THA,2.1096,0.591,0.0004,4861
TJK,2.0335,0.5846,0.0005,4867
TKM,2.0298,0.5915,0.0006,4890
TLS,2.0336,0.593,0.0006,4876
TON,2.0297,0.5915,0.0006,4896
TTO,2.0338,0.5933,0.0006,4870
TUN,2.0342,0.5968,0.0007,4861
TUR,2.0342,0.5924,0.0006,4861
TUV,2.0297,0.5915,0.0006,4896
TWN,2.0297,0.5915,0.0006,4896
TZA,2.0494,0.5985,0.0006,4861
UGA,2.0854,0.597,0.0005,4861
UKR,2.1391,0.607,0.0004,4864
URY,2.0509,0.5954,0.0006,4861
USA,2.0271,0.5958,0.0007,4861
UZB,2.079,0.5994,0.0005,4886
VEN,2.0297,0.5915,0.0006,4896
VNM,2.0426,0.5938,0.0006,4869
VUT,2.0297,0.5915,0.0006,4896
WSM,2.0297,0.5915,0.0006,4896
XKX,2.0297,0.5915,0.0006,4896
YEM,2.0297,0.5915,0.0006,4896
ZAF,2.0447,0.6042,0.0007,4861
ZMB,2.0403,0.5952,0.0006,4866
ZWE,2.0449,0.5967,0.0006,4864
"(drop top-5 jointly: USA, SAU, IND, CHN, GBR)",2.0255,0.5882,0.0006,4721
